episode,scenario_id,transitions,episode_reward,mean_reward,total_loss,policy_loss,value_loss,entropy,approximate_kl,clip_fraction,ratio_mean,mean_advantage,mean_return,gradient_norm,wall_seconds
1,S3_CASE_FEASIBLE,3,-18.600002049899192,-6.200000762939453,31.194978713989258,-0.029801996735235647,62.48174571990967,1.6091818511486053,-0.0008394519463763572,0.0,1.001528263092041,7.947286206899662e-08,-10.680340766906738,94.42128944396973,0.06313829099963186
2,S3_CASE_WAIT,3,-18.599999999999998,-6.1999993324279785,21.63236093521118,-0.012504329516863422,43.32188892364502,1.60785573720932,-0.012145489687100053,0.0,1.012384057044983,7.947286206899662e-08,-10.78577709197998,59.67386436462402,0.010988750000251457
3,S3_CASE_CLOSURE,3,-18.600002645800124,-6.200000762939453,16.501401662826538,-0.019872924778610468,33.07469177246094,1.6071659326553345,0.001278668612940237,0.0,0.9990567117929459,1.1920928955078125e-07,-10.873835563659668,41.92967414855957,0.011215167003683746
4,S3_CASE_FEASIBLE,3,-18.600001870899725,-6.200000762939453,13.651350975036621,-0.02511322063704391,27.385062217712402,1.606696903705597,0.008869995479471982,0.0,0.9917026460170746,7.947286206899662e-08,-10.933246612548828,29.74130916595459,0.010991791998094413
5,S3_CASE_WAIT,3,-18.600001858300676,-6.200000762939453,12.17236042022705,-0.0056370291276834905,24.388075828552246,1.60404771566391,0.0325232339091599,0.0,0.968298926949501,0.0,-10.969771385192871,22.67555046081543,0.010924333000730257
6,S3_CASE_CLOSURE,3,-18.60000174160014,-6.200000762939453,11.348508834838867,-0.017947952030226588,22.76492404937744,1.6005313992500305,-0.014343967195600271,0.0,1.0148704051971436,0.0,-10.990070343017578,20.255786895751953,0.011362208999344148
7,S3_CASE_FEASIBLE,3,-18.60000229170109,-6.200000762939453,10.839078664779663,-0.0005220596843473757,21.71116590499878,1.598241001367569,-0.0024117628927342594,0.0,1.002605527639389,-3.973643103449831e-08,-10.997055053710938,19.228386402130127,0.011687083999277093
8,S3_CASE_WAIT,3,-18.60000257089996,-6.200000762939453,10.370502471923828,-0.009237809494758942,20.791475772857666,1.5997577607631683,0.0051982701018760125,0.0,0.9949061870574951,0.0,-10.992423057556152,18.830345153808594,0.011874542004079558
9,S3_CASE_CLOSURE,3,-18.60000165419988,-6.200000762939453,9.9288330078125,-0.0025753230050513665,19.894821166992188,1.600222498178482,0.007243057092030547,0.0,0.9928104430437088,-7.947286206899662e-08,-10.980538368225098,18.713443756103516,0.01089845899696229
10,S3_CASE_FEASIBLE,3,-18.60000112500056,-6.200000286102295,9.512280702590942,-0.016497043039028547,19.089603900909424,1.602397084236145,-0.00557982933241874,0.0,1.0058462619781494,-3.973643103449831e-08,-10.968315124511719,18.46512460708618,0.010457165997650009
11,S3_CASE_WAIT,3,-18.60000063750049,-6.200000286102295,9.166226625442505,-0.016469431575387716,18.397449493408203,1.602845162153244,0.013629158260300756,0.0,0.9870315492153168,0.0,-10.959824562072754,18.025434017181396,0.01053200000023935
12,S3_CASE_CLOSURE,3,-18.600000579100012,-6.200000286102295,8.86340856552124,-0.01586462534032762,17.79055643081665,1.6004945933818817,0.03327802708372474,0.0,0.9679866582155228,0.0,-10.959507942199707,17.651752471923828,0.010015625004598405
13,S3_CASE_FEASIBLE,3,-18.600001370899555,-6.200000762939453,8.59258770942688,-0.0145278723211959,17.24612522125244,1.5947140455245972,-0.0067682863445952535,0.0,1.0070049166679382,3.973643103449831e-08,-10.965895652770996,17.49543046951294,0.010293958999682218
14,S3_CASE_WAIT,3,-18.60000120830009,-6.200000762939453,8.357548475265503,-0.0019632477778941393,16.750766277313232,1.5871499478816986,-0.0021292566671036184,0.0,1.002402812242508,-1.9868215517249155e-08,-10.97577953338623,17.032444953918457,0.010110708004503977
15,S3_CASE_CLOSURE,3,-18.600001420899936,-6.200000762939453,8.102096796035767,-0.006241202218613573,16.248368740081787,1.5846354961395264,0.013992746671040557,0.0,0.986204668879509,1.9868215517249155e-08,-10.981648445129395,16.385725498199463,0.010144292005861644
16,S3_CASE_FEASIBLE,3,-18.600001012600114,-6.200000762939453,7.823058485984802,-0.02460311811106841,15.727017641067505,1.5847114622592926,0.0032917360270712237,0.0,0.9972943961620331,-1.9868215517249155e-08,-10.98296070098877,16.403395652770996,0.009996458997193258
17,S3_CASE_WAIT,3,-18.600001016700116,-6.200000286102295,7.578303337097168,-0.006022801113431342,15.200332641601562,1.5840138792991638,0.004856089809132769,0.0,0.995257243514061,-5.960464477539063e-08,-10.979693412780762,16.208319664001465,0.01003416699677473
18,S3_CASE_CLOSURE,3,-18.60000154580048,-6.200000762939453,7.328026294708252,-0.00507700442782788,14.69778847694397,1.579091638326645,-0.008293718177204035,0.0,1.0084659457206726,5.960464477539063e-08,-10.97719955444336,15.66816234588623,0.01023170899861725
19,S3_CASE_FEASIBLE,3,-18.60000127910098,-6.200000762939453,7.103073477745056,-0.0035034914035350084,14.244645357131958,1.5745759010314941,-0.01193644618615508,0.0,1.012083649635315,1.9868215517249155e-08,-10.982882499694824,15.52961015701294,0.010543625001446344
20,S3_CASE_WAIT,3,-18.60000224579926,-6.200000762939453,6.89588463306427,0.0013034542159102713,13.820508480072021,1.5672933459281921,-0.00770704941048006,0.0,1.0077691674232483,-1.9868215517249155e-08,-10.990565299987793,14.812694549560547,0.011245208996115252
21,S3_CASE_CLOSURE,3,-18.600002058399696,-6.200000762939453,6.665536165237427,-0.011667529858337744,13.385710000991821,1.565143197774887,0.005689879064448178,0.0,0.9944733679294586,-5.960464477539063e-08,-10.99450969696045,14.752585411071777,0.010703625004680362
22,S3_CASE_FEASIBLE,3,-18.600001516599878,-6.200000762939453,6.4384530782699585,-0.014493639192854069,12.937255859375,1.568114548921585,0.021243095475559137,0.0,0.9796064645051956,-3.973643103449831e-08,-10.99304485321045,13.995044946670532,0.010445042003993876
23,S3_CASE_WAIT,3,-18.600001570698804,-6.200000762939453,6.242346525192261,0.005674407002516091,12.504706621170044,1.5681165158748627,-0.006020873668603599,0.0,1.0061240494251251,1.9868215517249155e-08,-10.992504119873047,13.64065146446228,0.010326541996619198
24,S3_CASE_CLOSURE,3,-18.60000138760006,-6.200000762939453,6.03350043296814,-0.002540205898792003,12.10344672203064,1.5682848393917084,0.00021053353702882305,0.0,0.9998113662004471,3.973643103449831e-08,-10.996350288391113,13.279186248779297,0.010206750004726928
25,S3_CASE_FEASIBLE,3,-18.60000092080081,-6.200000286102295,5.824980974197388,-0.018779635351771518,11.718841075897217,1.5660045146942139,-0.002262125393220238,0.0,1.002649188041687,-1.9868215517249155e-08,-11.00082778930664,13.52523136138916,0.010505541002203245
26,S3_CASE_WAIT,3,-18.600001404100475,-6.200000762939453,5.6409218311309814,-0.007644961161227926,11.328304529190063,1.5585364997386932,0.000703096367942635,0.0,0.9994764626026154,-5.960464477539063e-08,-11.000786781311035,12.55478549003601,0.010608332995616365
27,S3_CASE_CLOSURE,3,-18.6000015875994,-6.200000762939453,5.449806332588196,-0.013385777710936964,10.957421779632568,1.551868587732315,0.006319830950815231,0.0,0.9939289838075638,0.0,-11.002820014953613,12.808833122253418,0.011302082995825913
28,S3_CASE_FEASIBLE,3,-18.600002220700116,-6.200000762939453,5.289751410484314,-0.00076051054202253,10.61183214187622,1.5404096841812134,-0.009575913505007527,0.0,1.0096463561058044,0.0,-11.007052421569824,11.778242111206055,0.011756125000829343
29,S3_CASE_WAIT,3,-18.60000110000037,-6.200000286102295,5.089392781257629,-0.030575170336912372,10.270474910736084,1.5269483625888824,-0.0013307730259839445,0.0,1.0021261870861053,1.9868215517249155e-08,-11.010078430175781,12.3394296169281,0.011042667007131968
30,S3_CASE_CLOSURE,3,-18.60000152920038,-6.200000762939453,4.942934989929199,-0.006682669278234243,9.929385662078857,1.5075159966945648,-0.017516880761832,0.0,1.0177996456623077,0.0,-11.008973121643066,11.65467095375061,0.01083012500021141
31,S3_CASE_FEASIBLE,3,-18.60000156659953,-6.200000762939453,4.791965126991272,0.0006288289829781135,9.61253046989441,1.4928765296936035,-0.008767147664912045,0.0,1.0088618695735931,-3.973643103449831e-08,-11.012149810791016,11.670358419418335,0.010366167000029236
32,S3_CASE_WAIT,3,-18.600001483299273,-6.200000762939453,4.635388970375061,0.0015362401221254984,9.297430276870728,1.4862399101257324,-0.004803279958044193,0.0,1.0048787295818329,-1.9868215517249155e-08,-11.014081001281738,11.336032152175903,0.01046650000353111
33,S3_CASE_CLOSURE,3,-18.600001404200157,-6.200000762939453,4.46691107749939,-0.0009169976146949921,8.96521806716919,1.4781052768230438,-0.01624649755346308,0.0,1.0164525508880615,3.973643103449831e-08,-11.014456748962402,10.194578409194946,0.01015541599917924
34,S3_CASE_FEASIBLE,3,-18.600001387500377,-6.200000762939453,4.28171980381012,-0.003361587606680594,8.599604845046997,1.4721005260944366,0.0006390512135112658,0.0,0.9993751794099808,-1.9868215517249155e-08,-11.012550354003906,10.327693223953247,0.010270792001392692
35,S3_CASE_WAIT,3,-18.600001295800027,-6.200000762939453,4.072064220905304,-0.020285169128328562,8.214143991470337,1.4722621738910675,0.0014054775044014534,0.0,0.9989517778158188,1.9868215517249155e-08,-11.007582664489746,11.250337600708008,0.010170500005187932
36,S3_CASE_CLOSURE,3,-18.600001287600755,-6.200000762939453,3.89088374376297,-0.025282611294339397,7.861890912055969,1.477916419506073,0.018640696769580245,0.0,0.9822723865509033,-3.973643103449831e-08,-11.004855155944824,11.02133297920227,0.0100712499988731
37,S3_CASE_FEASIBLE,3,-18.600000875099795,-6.200000286102295,3.730893850326538,-0.026941066064561703,7.545188069343567,1.4759117662906647,0.000707954141641487,0.0,0.999944731593132,5.960464477539063e-08,-11.00568675994873,11.30963945388794,0.010107750000315718
38,S3_CASE_WAIT,3,-18.600001333400723,-6.200000762939453,3.59658020734787,-0.005371069031146369,7.233198523521423,1.4648041129112244,-0.0030676922178827226,0.0,1.003232091665268,-1.9868215517249155e-08,-11.003188133239746,11.156047105789185,0.01015454199659871
39,S3_CASE_CLOSURE,3,-18.600001425000663,-6.200000762939453,3.4584840536117554,0.0027553141117095947,6.940372943878174,1.445774257183075,-0.011301676277071238,0.0,1.0114080905914307,0.0,-11.003722190856934,10.269698143005371,0.010153458999411669
40,S3_CASE_FEASIBLE,3,-18.60000127499952,-6.200000762939453,3.3245521783828735,-0.0010342000944847385,6.679869294166565,1.4348274171352386,-0.004173671264045886,0.0,1.004202127456665,-1.9868215517249155e-08,-11.010004997253418,10.514098405838013,0.010056833001726773
41,S3_CASE_WAIT,3,-18.600001466600226,-6.200000762939453,3.1462122201919556,-0.03168798005208373,6.384236574172974,1.4218038618564606,-0.002975771892427481,0.0,1.003831684589386,1.9868215517249155e-08,-11.00624942779541,10.654568672180176,0.010169499997573439
42,S3_CASE_CLOSURE,3,-18.600001816700388,-6.200000762939453,3.0305967330932617,-0.010828594483124121,6.110804557800293,1.3976901471614838,0.016399323707446456,0.0,0.9840048104524612,-5.960464477539063e-08,-11.007782936096191,9.441899299621582,0.01041366699791979
43,S3_CASE_FEASIBLE,3,-18.600001283199525,-6.200000762939453,2.8731353878974915,-0.022827819533025817,5.81929886341095,1.368626892566681,-0.0028434495713254293,0.0,1.0033463835716248,3.973643103449831e-08,-11.004149436950684,10.103670597076416,0.010132708004675806
44,S3_CASE_WAIT,3,-18.600001679100387,-6.200000762939453,2.7705180048942566,0.009113758880023859,5.549471855163574,1.3331665992736816,-0.009248087919938364,0.0,1.0095688700675964,1.9868215517249155e-08,-11.002307891845703,9.278616189956665,0.011052083005779423
45,S3_CASE_CLOSURE,3,-18.600001445999805,-6.200000762939453,2.638454854488373,-0.0032759061238420983,5.309900522232056,1.3219534158706665,-0.0026138722520663293,0.0,1.0026400834321976,-5.960464477539063e-08,-11.01061725616455,9.405298233032227,0.01072395899973344
46,S3_CASE_FEASIBLE,3,-18.600001616600636,-6.200000762939453,2.482147693634033,-0.01426456387465258,5.019439458847046,1.330745905637741,0.0058205725120688,0.0,0.9944546669721603,7.947286206899662e-08,-11.000638008117676,10.086373090744019,0.010627083000144921
47,S3_CASE_WAIT,3,-18.600001737399726,-6.200000762939453,2.36932635307312,-0.007710536262796275,4.7804601192474365,1.3193105161190033,-0.010229041295436225,0.0,1.0103848278522491,0.0,-11.002391815185547,8.663177967071533,0.010521290998440236
48,S3_CASE_CLOSURE,3,-18.600001349899685,-6.200000762939453,2.2574172019958496,-0.01719373961289694,4.5757094621658325,1.3243796527385712,-0.006181240207904004,0.0,1.0065283477306366,-1.9868215517249155e-08,-11.013863563537598,9.094767570495605,0.010193207999691367
49,S3_CASE_FEASIBLE,3,-18.600001574998895,-6.200000762939453,2.1208022236824036,-0.014019742608070374,4.296532034873962,1.3444077372550964,-0.03072932347034385,0.0,1.0316956043243408,0.0,-10.99566650390625,9.733728170394897,0.010424874999444
50,S3_CASE_WAIT,3,-18.600001616700318,-6.200000762939453,1.9955027103424072,-0.022540664145101807,4.062996804714203,1.3455004394054413,0.006006330319602959,0.0,0.9946573972702026,-3.973643103449831e-08,-10.997097969055176,9.117713689804077,0.010557916000834666
51,S3_CASE_CLOSURE,3,-18.600001295799302,-6.200000762939453,1.9230582416057587,-0.00625667988545775,3.8852633237838745,1.331672728061676,-0.008788978215306997,0.0,1.0089753568172455,-5.960464477539063e-08,-11.009368896484375,8.768527030944824,0.010676459001842886
52,S3_CASE_FEASIBLE,3,-18.600002058300742,-6.200000762939453,1.823438048362732,-0.0014877120872069938,3.6761094331741333,1.312894582748413,-0.012656748294830322,0.0,1.0128108859062195,3.973643103449831e-08,-11.004820823669434,7.297189235687256,0.01126641700102482
53,S3_CASE_WAIT,3,-18.60000168339975,-6.200000762939453,1.698904663324356,-0.015544448901588126,3.4548900723457336,1.2995959520339966,-0.007202555697100266,0.0,1.007455751299858,-1.9868215517249155e-08,-11.00317668914795,7.655850648880005,0.010377374994277488
54,S3_CASE_CLOSURE,3,-18.600001337499272,-6.200000762939453,1.6005165874958038,-0.0017741173896865803,3.2302860617637634,1.2852343618869781,-0.007714445469900966,0.0,1.007855087518692,-7.947286206899662e-08,-11.001803398132324,7.159514427185059,0.010214582995104138
55,S3_CASE_FEASIBLE,3,-18.60000139989934,-6.200000762939453,1.4822106659412384,-0.026300842330480023,3.042416572570801,1.2696778178215027,0.010145266928399899,0.0,0.9905900806188583,-3.973643103449831e-08,-11.00639820098877,8.851563453674316,0.010298082997906022
56,S3_CASE_WAIT,3,-18.600001291700025,-6.200000762939453,1.4277816116809845,-0.00607880944153294,2.892647862434387,1.2463474571704865,-0.01891542482189834,0.0,1.019225001335144,0.0,-11.013813972473145,6.629587888717651,0.010169207998842467
57,S3_CASE_CLOSURE,3,-18.600001254199743,-6.200000762939453,1.326566755771637,-0.0015963117378605673,2.681005120277405,1.233949363231659,-0.0021414061387377004,0.0,1.002158761024475,-5.960464477539063e-08,-11.009259223937988,6.283551931381226,0.010294540996255819
58,S3_CASE_FEASIBLE,3,-18.60000137090101,-6.200000762939453,1.2158107459545135,-0.005534619131745799,2.467274785041809,1.2292022109031677,0.0010428528282018235,0.0,0.9989832937717438,-1.9868215517249155e-08,-10.999777793884277,6.145920634269714,0.009767249997821636
59,S3_CASE_WAIT,3,-18.600001233300283,-6.200000762939453,1.1241914927959442,-0.015832597855478525,2.3045602440834045,1.2255980968475342,0.0029414197197183967,0.0,0.9973235577344894,0.0,-11.007824897766113,8.156784772872925,0.010106665999046527
60,S3_CASE_CLOSURE,3,-18.600001633300415,-6.200000762939453,1.0512355268001556,-0.0042802245588973165,2.1354315280914307,1.2199974358081818,-0.006542047020047903,0.0,1.0066001117229462,5.960464477539063e-08,-11.000044822692871,6.030441164970398,0.01043750000098953
61,S3_CASE_FEASIBLE,3,-18.60000109169996,-6.200000286102295,0.9578449577093124,-0.025957549534117774,1.9921521544456482,1.227356493473053,-0.02030772909832468,0.0,1.0212533473968506,1.9868215517249155e-08,-11.010433197021484,6.881783962249756,0.010290917001839262
62,S3_CASE_WAIT,3,-18.600001524999968,-6.200000762939453,0.887937068939209,-0.009323174521947308,1.819575697183609,1.2527598440647125,0.018920317525044084,0.0,0.9814313650131226,-3.973643103449831e-08,-11.000483512878418,5.994689226150513,0.010336500003177207
63,S3_CASE_CLOSURE,3,-18.600001541700475,-6.200000762939453,0.8449172377586365,0.008691951710110501,1.6977136135101318,1.2631527483463287,-0.005847662648497121,0.0,1.0059252381324768,3.973643103449831e-08,-11.004685401916504,7.115423202514648,0.010129499998583924
64,S3_CASE_FEASIBLE,3,-18.600001374900604,-6.200000762939453,0.7442071288824081,-0.0340384302350385,1.5818680226802826,1.2688457667827606,-0.012480795111817322,0.0,1.0142648220062256,3.973643103449831e-08,-11.011404991149902,6.399095892906189,0.010386875001131557
65,S3_CASE_WAIT,3,-18.600001262500882,-6.200000762939453,0.675410270690918,-0.030616158774743774,1.437564641237259,1.2755858898162842,0.011578073065416916,0.0,0.9894710332155228,0.0,-10.995917320251465,6.684051990509033,0.010146708998945542
66,S3_CASE_CLOSURE,3,-18.60000133759968,-6.200000762939453,0.6593774408102036,0.0020354588583959554,1.340015947818756,1.2666003108024597,-0.01732380183724125,0.0,1.017565444111824,0.0,-11.015727996826172,5.378666281700134,0.010370124997280072
67,S3_CASE_FEASIBLE,3,-18.600001316700215,-6.200000762939453,0.5915727913379669,-0.0018455907314400832,1.2120938897132874,1.2628560662269592,-0.005340839464528013,0.0,1.005366027355194,7.947286206899662e-08,-10.992302894592285,4.5589587688446045,0.010041875000752043
68,S3_CASE_WAIT,3,-18.600001629299367,-6.200000762939453,0.5273942723870277,-0.012494717879841133,1.1051926910877228,1.2707355916500092,-0.0019170443216953714,0.0,1.0021403282880783,1.9868215517249155e-08,-11.012358665466309,5.710420250892639,0.010740124998847023
69,S3_CASE_CLOSURE,3,-18.600000983299832,-6.200000762939453,0.4764102175831795,0.002863928598041632,0.972882404923439,1.2894925773143768,-0.00476380179558511,0.0,1.004878118634224,1.9868215517249155e-08,-10.997076988220215,6.672757506370544,0.011140165996039286
70,S3_CASE_FEASIBLE,3,-18.600001604199498,-6.200000762939453,0.42568476498126984,-0.009521702767718132,0.8962454944849014,1.291628509759903,0.0034443040494807065,0.0,0.9966789931058884,-3.973643103449831e-08,-11.003471374511719,6.896231532096863,0.010809583000082057
71,S3_CASE_WAIT,3,-18.60000112080015,-6.200000286102295,0.380732886493206,-0.020926490930530228,0.829133614897728,1.2907432317733765,0.01532105628090541,0.0,0.9853179603815079,-1.9868215517249155e-08,-11.009238243103027,6.523658037185669,0.010346540999307763
72,S3_CASE_CLOSURE,3,-18.600000874999385,-6.200000762939453,0.3528396487236023,-0.0035331349208718166,0.7384108155965805,1.2832630574703217,-0.004066437473132289,0.0,1.0041038691997528,-1.9868215517249155e-08,-10.992335319519043,5.5275925397872925,0.010371457996370737
73,S3_CASE_FEASIBLE,3,-18.600001333300316,-6.200000762939453,0.31305671483278275,-0.008900185154440798,0.6697854995727539,1.2935861945152283,0.006776422223386369,0.0,0.9933744072914124,5.960464477539063e-08,-11.00393295288086,3.7751917243003845,0.010186999999859836
74,S3_CASE_WAIT,3,-18.60000154579975,-6.200000762939453,0.25999079272150993,-0.02780612612453659,0.6018214076757431,1.3113782405853271,-0.0019465585549669484,0.0,1.0027432292699814,3.973643103449831e-08,-11.002082824707031,5.065917730331421,0.010256833003950305
75,S3_CASE_CLOSURE,3,-18.600001304199395,-6.200000762939453,0.21768488734960556,-0.04022131829212139,0.5424325317144394,1.3310067355632782,-0.006300081848166883,0.0,1.007829636335373,3.973643103449831e-08,-11.002696990966797,5.133478879928589,0.010343541995098349
76,S3_CASE_FEASIBLE,3,-18.600001608200547,-6.200000762939453,0.21969277784228325,-0.007425918981121882,0.48103848099708557,1.3400544226169586,0.0023353100217109457,0.0,0.99836665391922,-3.973643103449831e-08,-11.011421203613281,6.355802893638611,0.010968875001708511
77,S3_CASE_WAIT,3,-18.600001604099816,-6.200000762939453,0.20015663653612137,-0.004570523859001696,0.43628670275211334,1.3416192829608917,-0.028675714352478288,0.0,1.0293432474136353,3.973643103449831e-08,-11.006155967712402,3.8595900535583496,0.010405291999632027
78,S3_CASE_CLOSURE,3,-18.60000102500053,-6.200000762939453,0.16356760635972023,-0.009497637375413426,0.37318290024995804,1.3526205718517303,0.0007576048374176025,0.0,0.9993443936109543,3.973643103449831e-08,-10.999945640563965,5.107546448707581,0.010153499999432825
79,S3_CASE_FEASIBLE,3,-18.60000152089997,-6.200000762939453,0.13060380332171917,-0.020771607834224604,0.33011358231306076,1.3681381046772003,0.007299333694390953,0.0,0.9932716637849808,-3.973643103449831e-08,-11.004240989685059,3.588293433189392,0.010212291002972052
80,S3_CASE_WAIT,3,-18.600001304199395,-6.200000762939453,0.09306785743683577,-0.03740476599584053,0.28852564841508865,1.379020094871521,0.0028595825424417853,0.0,0.9984187930822372,1.9868215517249155e-08,-11.008597373962402,5.017553687095642,0.010235707995889243
81,S3_CASE_CLOSURE,3,-18.600001325099583,-6.200000762939453,0.10600367374718189,-0.0036043997194301625,0.24698560684919357,1.3884726464748383,-0.02009710638473372,0.0,1.0212695747613907,-1.9868215517249155e-08,-11.003218650817871,4.775761961936951,0.010247167003399227
82,S3_CASE_FEASIBLE,3,-18.600001262500157,-6.200000762939453,0.09211584366858006,0.00042073430571054615,0.21140271425247192,1.4006248116493225,0.01820267247967422,0.0,0.9820690006017685,3.973643103449831e-08,-11.00015926361084,3.9508588314056396,0.010085916001116857
83,S3_CASE_WAIT,3,-18.600001125000563,-6.200000762939453,0.07318121287971735,-0.006319284286291804,0.18713781237602234,1.4068410396575928,-0.008890420159636037,0.0,1.0090268850326538,1.9868215517249155e-08,-11.003364562988281,4.2892085313797,0.010109499999089167
84,S3_CASE_CLOSURE,3,-18.600000941599138,-6.200000762939453,0.03432796220295131,-0.028256252563248374,0.1536605842411518,1.424607753753662,-0.011809637420810759,0.0,1.0126622915267944,1.9868215517249155e-08,-10.996529579162598,4.190653085708618,0.009847249995800667
85,S3_CASE_FEASIBLE,3,-18.600000904199987,-6.200000762939453,0.035375894512981176,-0.018949168734252453,0.13763881474733353,1.4494344890117645,0.004397243300143572,0.0,0.9971677958965302,0.0,-10.997889518737793,2.6382312178611755,0.010516957998333964
86,S3_CASE_WAIT,3,-18.600001395799335,-6.200000762939453,0.018789526540786028,-0.0238698476459831,0.11476621590554714,1.4723734259605408,0.00333891311311163,0.0,0.9986972212791443,-9.934107758624577e-09,-11.001940727233887,2.6046060919761658,0.011097916998551227
87,S3_CASE_CLOSURE,3,-18.600001133299518,-6.200000286102295,0.019574972800910473,-0.011405413267008946,0.09164535626769066,1.4842292368412018,0.007649471420639209,0.0,0.992584690451622,-1.9868215517249155e-08,-11.007170677185059,5.694507598876953,0.010433999996166676
88,S3_CASE_FEASIBLE,3,-18.600001066700496,-6.200000762939453,-0.012823068769648671,-0.03497213637456298,0.07388979941606522,1.4795833230018616,0.00358420612368171,0.0,0.9974555373191833,3.973643103449831e-08,-10.998790740966797,4.7763991355896,0.010249999999359716
89,S3_CASE_WAIT,3,-18.600000874999385,-6.200000762939453,0.014178342651575804,-0.004502216863329522,0.0667588347569108,1.469885766506195,-0.02820872298131416,0.0,1.028906375169754,-2.9802322387695312e-08,-11.002032279968262,4.184854507446289,0.009889291002764367
90,S3_CASE_CLOSURE,3,-18.6000013416,-6.200000762939453,0.0024839492980390787,-0.009245346028668777,0.05287362169474363,1.4707515835762024,0.00530613464070484,0.0,0.9949482977390289,9.934107225717526e-08,-11.000411987304688,2.6238964796066284,0.010018541004683357
91,S3_CASE_FEASIBLE,3,-18.600001262600564,-6.200000762939453,-0.004007077310234308,-0.012851575952178784,0.047113862819969654,1.4712433516979218,0.0011638899207655484,0.0,0.999153658747673,0.0,-11.00323486328125,5.2366979122161865,0.009921750002831686
92,S3_CASE_WAIT,3,-18.600001295900437,-6.200000762939453,0.006992467679083347,-0.0020813990850001574,0.04730014689266682,1.4576207101345062,-0.010373652136573597,0.0,1.0105131715536118,9.934107758624577e-09,-11.006402015686035,5.081256031990051,0.00995274999877438
93,S3_CASE_CLOSURE,3,-18.60000109990069,-6.200000286102295,-0.030368563253432512,-0.032446702010929585,0.032974124420434237,1.4408922791481018,0.013907333370298147,0.0,0.9872147887945175,0.0,-11.007523536682129,5.569357991218567,0.010084458001074381
94,S3_CASE_FEASIBLE,3,-18.600001454200537,-6.200000762939453,0.0003005329053848982,-0.005871161954321913,0.04075269494205713,1.4204652905464172,-0.008597999811172485,0.0,1.008687287569046,-5.960464477539063e-08,-11.000926971435547,3.511671304702759,0.01092491700546816
95,S3_CASE_WAIT,3,-18.600001570700258,-6.200000762939453,-0.017545673297718167,-0.01911091788982322,0.0314113087952137,1.4140410423278809,-0.00012491147087256849,0.0,1.0004553347826004,-1.9868215517249155e-08,-11.008304595947266,4.368200421333313,0.010882707996643148
96,S3_CASE_CLOSURE,3,-18.600000945799547,-6.200000762939453,-0.02231709798797965,-0.01950385677628219,0.02254645060747862,1.4086467027664185,0.02421408876155784,0.0,0.9767623841762543,3.973643103449831e-08,-11.004334449768066,3.3444905877113342,0.010657124999852385
97,S3_CASE_FEASIBLE,3,-18.60000139170079,-6.200000762939453,-0.0224952083081007,-0.025447736494243145,0.03400270640850067,1.4048825204372406,0.015247359639033675,0.0,0.9859140664339066,-3.973643103449831e-08,-10.991626739501953,4.643567085266113,0.010276916000293568
98,S3_CASE_WAIT,3,-18.600001620799592,-6.200000762939453,-0.01747286249883473,-0.01601370656862855,0.02482613967731595,1.3872225880622864,-0.005301306567465858,0.0,1.005868911743164,0.0,-11.005255699157715,4.4876861572265625,0.010490750006283633
99,S3_CASE_CLOSURE,3,-18.600001333399995,-6.200000762939453,-0.00949555030092597,-0.007392498509337209,0.02303646528162062,1.3621284663677216,-9.766720177140087e-05,0.0,1.0008267313241959,-3.973643103449831e-08,-11.007328987121582,3.134594678878784,0.010306749994924758
100,S3_CASE_FEASIBLE,3,-18.60000101659971,-6.200000286102295,-0.036282605840824544,-0.029063617189724944,0.012263082899153233,1.3350529670715332,0.01310348545666784,0.0,0.9879034906625748,-1.9868215517249155e-08,-11.009160041809082,5.2652376890182495,0.01027004200295778
101,S3_CASE_WAIT,3,-18.600001645899464,-6.200000762939453,-0.028149388381280005,-0.021919788559898734,0.013590909540653229,1.3025054633617401,-0.0004903574590571225,0.0,1.000894159078598,6.2709055725918e-08,-10.999565124511719,4.161880731582642,0.010710207992815413
102,S3_CASE_CLOSURE,3,-18.60000120420009,-6.200000762939453,-0.04149439500179142,-0.039502559384952285,0.021252531558275223,1.2618100941181183,0.0022878051167936064,0.0,0.9993623495101929,3.973643103449831e-08,-11.007319450378418,5.141845226287842,0.010591291000309866
103,S3_CASE_FEASIBLE,3,-18.600001179100218,-6.200000762939453,-0.009835546836256981,-0.020017956538746162,0.045023415237665176,1.232929766178131,0.006268332382509456,0.0,0.9942994117736816,7.947286206899662e-08,-10.981904029846191,6.476179718971252,0.010999416997947264
104,S3_CASE_WAIT,3,-18.600001170799803,-6.200000762939453,0.034072224516421556,0.0059414406641735695,0.08032537158578634,1.2031902372837067,0.003286649822257459,0.0,0.9968223869800568,0.0,-11.02883529663086,6.714141011238098,0.010492749999684747
105,S3_CASE_CLOSURE,3,-18.600001649999466,-6.200000762939453,0.0024075000546872616,0.0005025864035506089,0.02782592107541859,1.2008046805858612,0.0013916690901778495,0.0,0.9986342191696167,3.973643103449831e-08,-11.000264167785645,2.816579759120941,0.010481749995960854
106,S3_CASE_FEASIBLE,3,-18.600001237399557,-6.200000762939453,0.004083451582118869,-0.0061871709185652435,0.04421558417379856,1.1837169528007507,-0.0042856635603438775,0.0,1.004418358206749,-1.9868215517249155e-08,-11.016390800476074,5.979350328445435,0.010822374999406748
107,S3_CASE_WAIT,3,-18.600001824899664,-6.200000762939453,-0.00013473210856318474,-0.007287527356917067,0.03832370089367032,1.2009055316448212,0.013433556072413921,0.0,0.9867528676986694,1.9868215517249155e-08,-11.000941276550293,4.143050193786621,0.010099874998559244
108,S3_CASE_CLOSURE,3,-18.600002120899443,-6.200000762939453,-0.02782457834109664,-0.021694347184772145,0.011586645065108314,1.1923554241657257,0.002100060402881354,0.0,0.9983459711074829,7.947286206899662e-08,-10.992390632629395,5.045070290565491,0.011108124999736901
109,S3_CASE_FEASIBLE,3,-18.600001533300382,-6.200000762939453,-0.04432157729752362,-0.04331816810493727,0.021832050988450646,1.1919435262680054,-0.005616188204385253,0.0,1.0073730945587158,7.947286206899662e-08,-11.018107414245605,5.198675155639648,0.010076124999613967
110,S3_CASE_WAIT,3,-18.600001675000385,-6.200000762939453,0.017833251040428877,-0.008165205634819372,0.07634084485471249,1.2171964943408966,-0.006152311999660931,0.0,1.0066402852535248,1.1920928955078125e-07,-10.984016418457031,2.888741612434387,0.010007500000938307
111,S3_CASE_CLOSURE,3,-18.600001349899685,-6.200000762939453,-0.014279995113611221,-0.014685837901197374,0.02531404106412083,1.225117713212967,0.014222115743905306,0.0,0.9861849099397659,-2.4835268064293814e-08,-11.004769325256348,4.134047210216522,0.009751040997798555
112,S3_CASE_FEASIBLE,3,-18.600001658400288,-6.200000762939453,-0.00384117744397372,0.0017962604470085353,0.013041095109656453,1.2157985866069794,0.01306545757688582,0.0,0.9873897135257721,-3.973643103449831e-08,-11.00525188446045,1.66969034075737,0.009861292004643474
113,S3_CASE_WAIT,3,-18.600001145799613,-6.200000762939453,-0.0320145299192518,-0.026195901135602995,0.012704771128483117,1.2171014845371246,-0.009606361311550238,0.0,1.010535329580307,-3.973643103449831e-08,-11.013519287109375,4.670371174812317,0.009781917004147545
114,S3_CASE_CLOSURE,3,-18.600001387600784,-6.200000762939453,0.0015554933343082666,-0.021049852250143886,0.07000709883868694,1.239820420742035,-0.005734781235029018,0.0,1.0067658871412277,0.0,-10.983155250549316,3.905375838279724,0.009635166999942157
115,S3_CASE_FEASIBLE,3,-18.60000136669987,-6.200000762939453,-0.04106888477690518,-0.036593034242590416,0.016487183049321175,1.2719443440437317,-0.02000814637479653,0.0,1.021577388048172,-3.973643103449831e-08,-10.995512962341309,5.078638553619385,0.009802500004298054
116,S3_CASE_WAIT,3,-18.600000962400372,-6.200000762939453,-0.05446387222036719,-0.04358623828738928,0.004512968007475138,1.3134119510650635,-0.004378219309728593,0.0,1.0061666667461395,1.9868215517249155e-08,-11.011096000671387,5.4629000425338745,0.01009804200293729
117,S3_CASE_CLOSURE,3,-18.600001687499752,-6.200000762939453,0.0014417474158108234,0.012272852317741112,0.0051422580145299435,1.3402233719825745,-0.01047034072689712,0.0,1.0113664269447327,-7.947286206899662e-08,-11.0018949508667,4.3825085163116455,0.010293208004441112
118,S3_CASE_FEASIBLE,3,-18.600001279199933,-6.200000762939453,-0.03191521251574159,-0.022754038606460192,0.008560085552744567,1.3441217243671417,-0.007009694818407297,0.0,1.0075141489505768,1.9868215517249155e-08,-11.009427070617676,5.2803637981414795,0.010407375004433561
119,S3_CASE_WAIT,3,-18.600000975000878,-6.200000762939453,-0.0004058473277837038,0.011255574645474553,0.003371326543856412,1.3347085118293762,-0.009046445406663217,0.0,1.00919571518898,-9.934107758624577e-09,-11.005938529968262,3.876781463623047,0.010866625001654029
120,S3_CASE_CLOSURE,3,-18.600001508399874,-6.200000762939453,-0.018576293485239148,-0.0079609888974419,0.005393542000092566,1.3312075734138489,0.0035020310897380114,0.0,0.996582880616188,-2.4835268064293814e-08,-10.998547554016113,5.394882321357727,0.010598291002679616
121,S3_CASE_FEASIBLE,3,-18.600001562600667,-6.200000762939453,-0.02072583674453199,-0.010739326535258442,0.006782485404983163,1.337775319814682,-0.015511293817932703,0.0,1.015847384929657,-1.9868215517249155e-08,-11.00234603881836,3.8589917421340942,0.010474208997038659
122,S3_CASE_WAIT,3,-18.600001154200434,-6.200000762939453,-0.02985861082561314,-0.020508187202115558,0.008361662388779223,1.353125512599945,-3.7252733209314215e-06,0.0,1.0004180371761322,-7.947286206899662e-08,-11.015304565429688,3.980909049510956,0.010259624999889638
123,S3_CASE_CLOSURE,3,-18.600001245900057,-6.200000762939453,-0.01828565914183855,-0.023708041834955118,0.03805541852489114,1.3605327308177948,-0.011190295103006065,0.0,1.0117933750152588,-3.973643103449831e-08,-10.989134788513184,5.428587555885315,0.010277666995534673
124,S3_CASE_FEASIBLE,3,-18.60000090409958,-6.200000762939453,-0.020698731299489737,-0.017459144039700725,0.02089095371775329,1.3685064613819122,0.0022070606792112812,0.0,0.9981083273887634,3.973643103449831e-08,-10.993500709533691,4.129269003868103,0.010340583998186048
125,S3_CASE_WAIT,3,-18.600000875000113,-6.200000762939453,-0.012469056062400341,-0.016049330588430166,0.03468384128063917,1.3761646747589111,0.009345779816309019,0.0,0.9911859184503555,0.0,-11.020411491394043,4.58357036113739,0.009989666003093589
126,S3_CASE_CLOSURE,3,-18.60000142079953,-6.200000762939453,-0.006656417157500982,-0.012968470458872616,0.03995464602485299,1.366527020931244,0.0021922588057350367,0.0,0.9981177300214767,0.0,-10.9973726272583,5.745844483375549,0.010702999999921303
127,S3_CASE_FEASIBLE,3,-18.600001787600924,-6.200000762939453,-0.023013720521703362,-0.013339525748354397,0.007678831127122976,1.3513610363006592,-0.02345142769627273,0.0,1.0241958796977997,-2.4835268064293814e-08,-10.995257377624512,2.9559646248817444,0.010811459003889468
128,S3_CASE_WAIT,3,-18.60000140830016,-6.200000762939453,-0.0400468073785305,-0.030920745339244604,0.008339162450283766,1.329564392566681,0.011593450869743727,0.0,0.9893571883440018,0.0,-11.010151863098145,4.473948001861572,0.010188457999902312
129,S3_CASE_CLOSURE,3,-18.600000854199607,-6.200000286102295,-0.042107740649953485,-0.03471771914822597,0.01116977643687278,1.2974907755851746,-0.00023936233871424406,0.0,1.0014647543430328,-7.947286206899662e-08,-11.002150535583496,6.101320743560791,0.010313834005501121
130,S3_CASE_FEASIBLE,3,-18.600001116700877,-6.200000762939453,-0.009206681628711522,0.0008882781645898064,0.0052154869481455535,1.2702703773975372,0.002630968849794968,0.0,0.9973859041929245,-1.9868215517249155e-08,-11.010452270507812,4.588357210159302,0.010318291999283247
131,S3_CASE_WAIT,3,-18.600001649899788,-6.200000762939453,-0.029247247613966465,-0.028376762910435005,0.023616038379259408,1.2678503096103668,-0.00018935401809905272,0.0,1.0011125952005386,-3.973643103449831e-08,-11.000446319580078,3.7401846647262573,0.010449082998093218
132,S3_CASE_CLOSURE,3,-18.60000182510048,-6.200000762939453,0.0012006848119199276,-0.00826767589508881,0.044405621476471424,1.2734450101852417,0.010291586474825642,0.0,0.9900476634502411,0.0,-10.98618221282959,3.4728593826293945,0.010284458003297914
133,S3_CASE_FEASIBLE,3,-18.60000104159917,-6.200000762939453,-0.0052387157920747995,-0.0034866532320547705,0.021966366562992334,1.2735246121883392,0.006929914020777694,0.0,0.9931434541940689,0.0,-11.003425598144531,2.4621092081069946,0.010083917004521936
134,S3_CASE_WAIT,3,-18.6000013416,-6.200000762939453,-0.020246380707249045,-0.02408629353158176,0.033087856601923704,1.2704015672206879,0.012265244731679559,0.0,0.9883419871330261,0.0,-11.010451316833496,3.8106127977371216,0.010591040998406243
135,S3_CASE_CLOSURE,3,-18.600001341698952,-6.200000762939453,-0.009190886747092009,-0.010688702362434022,0.02815436339005828,1.2579366266727448,0.020787328171232744,0.0,0.9797425419092178,0.0,-10.995925903320312,4.977373361587524,0.009988833000534214
136,S3_CASE_FEASIBLE,3,-18.600000941599866,-6.200000762939453,-0.012453114846721292,-0.02152972435578704,0.043202122673392296,1.252445250749588,-0.0019617875611093183,0.0,1.0025634914636612,1.9868215517249155e-08,-11.008040428161621,5.427556037902832,0.00998424999852432
137,S3_CASE_WAIT,3,-18.600001374999557,-6.200000286102295,-0.04232833627611399,-0.04036219557747245,0.021009953037719242,1.247111737728119,-0.03078111967382302,0.0833333358168602,1.0351569652557373,9.934107758624577e-09,-11.017192840576172,6.585463881492615,0.010336833001929335
138,S3_CASE_CLOSURE,3,-18.60000097930024,-6.200000762939453,0.0023854768369346857,-0.01398955386442502,0.057651198003441095,1.2450568675994873,-0.0051653085780953845,0.0,1.0053518116474152,5.4637592228345966e-08,-10.988265991210938,5.268095254898071,0.010300207999534905
139,S3_CASE_FEASIBLE,3,-18.600001249999334,-6.200000762939453,-0.013532856944948435,-0.0030644515451667687,0.004104038351215422,1.252042531967163,-0.011169721760476925,0.0,1.0113169848918915,3.973643103449831e-08,-11.003521919250488,4.712919354438782,0.010290332997101359
140,S3_CASE_WAIT,3,-18.600001058299675,-6.200000762939453,-0.017159187933430076,-0.017565568132947185,0.02566554374061525,1.2426392138004303,-0.009423543776695631,0.0,1.0097872018814087,5.960464477539063e-08,-10.996148109436035,4.289084315299988,0.010389124996436294
141,S3_CASE_CLOSURE,3,-18.60000111250047,-6.200000762939453,-0.005493155913427472,-0.0019168431948248799,0.017815083032473922,1.2483854591846466,-0.0023159186045322855,0.0,1.0024139732122421,0.0,-10.995417594909668,3.62449049949646,0.01031762499769684
142,S3_CASE_FEASIBLE,3,-18.600000712499604,-6.200000286102295,-0.02757867705076933,-0.028360025103514097,0.026680257637053728,1.255878061056137,-0.027010838578765295,0.0833333358168602,1.0293451845645905,0.0,-11.020630836486816,6.032209515571594,0.010679708000679966
143,S3_CASE_WAIT,3,-18.60000116250012,-6.200000762939453,-0.005151531659066677,-0.019017239334061742,0.05257144384086132,1.242001473903656,-0.012278556668510632,0.0,1.0127015709877014,0.0,-10.998196601867676,3.7409588098526,0.010556708002695814
144,S3_CASE_CLOSURE,3,-18.600000554099825,-6.200000286102295,-0.04908849531784654,-0.053380368277430534,0.0334570212289691,1.243663638830185,0.01411043619737029,0.0,0.988666832447052,-8.692343733684993e-09,-10.996611595153809,5.943895220756531,0.010751499998150393
145,S3_CASE_FEASIBLE,3,-18.600001170900214,-6.200000762939453,0.03489272971637547,-0.017417759013672374,0.12954509444534779,1.2462057769298553,0.009467979078181088,0.0,0.9910628646612167,-3.973643103449831e-08,-11.025586128234863,5.634382128715515,0.010731499998655636
146,S3_CASE_WAIT,3,-18.60000112909911,-6.200000762939453,-0.0046674651093780994,-0.009014929120894521,0.03324778098613024,1.2276426553726196,0.0033451119500869098,0.0,0.9967655390501022,1.9868215517249155e-08,-11.010661125183105,4.313867390155792,0.010375958001532126
147,S3_CASE_CLOSURE,3,-18.60000122089987,-6.200000762939453,-0.011681824456900358,-0.015295480843633413,0.03162564663216472,1.2199167609214783,-0.011272529916216634,0.0,1.0134036839008331,-3.973643103449831e-08,-10.99340534210205,4.01852422952652,0.010298875000444241
148,S3_CASE_FEASIBLE,3,-18.600000691600144,-6.200000286102295,-0.01119106775149703,-0.017064199200831354,0.03630432114005089,1.2279029190540314,0.04421789385378361,0.0,0.9576358497142792,0.0,-11.017459869384766,3.1373989582061768,0.010325791998184286
149,S3_CASE_WAIT,3,-18.600001075000183,-6.200000762939453,0.007978492882102728,0.0038193588746562313,0.03272513300180435,1.2203432321548462,0.004785676836036146,0.0,0.9954344630241394,3.973643103449831e-08,-11.01022720336914,4.079884767532349,0.010244375000183936
150,S3_CASE_CLOSURE,3,-18.600001308300126,-6.200000762939453,-0.026216341648250818,-0.027843300718814135,0.02759457053616643,1.2170326709747314,0.00904386265513768,0.0,0.9917052537202835,0.0,-10.996078491210938,3.9444847106933594,0.010475250004674308
151,S3_CASE_FEASIBLE,3,-18.600000949900277,-6.200000286102295,-0.04946863988880068,-0.06111059058457613,0.04762144782580435,1.2168773710727692,0.01013456773944199,0.0,0.9933224767446518,1.1920928955078125e-07,-11.012248039245605,5.928540110588074,0.01051779100089334
152,S3_CASE_WAIT,3,-18.60000179999988,-6.200000762939453,0.024928748607635498,-0.008304383877353771,0.09061294235289097,1.2073339819908142,-0.012883395189419389,0.0,1.0132919400930405,-3.973643103449831e-08,-11.033795356750488,5.2731853723526,0.010959125000226777
153,S3_CASE_CLOSURE,3,-18.60000165849997,-6.200000762939453,-0.018324877601116896,-0.013025728481201426,0.013145771226845682,1.1872035264968872,-0.005913933156989515,0.0,1.00614532828331,7.947286206899662e-08,-11.017280578613281,3.3905975222587585,0.010268832993460819
154,S3_CASE_FEASIBLE,3,-18.60000135409937,-6.200000762939453,-0.028878132696263492,-0.022311443773407547,0.010206092381849885,1.16697359085083,-0.015313396928831935,0.0,1.015903115272522,-7.947286206899662e-08,-10.99846363067627,5.392312049865723,0.010450207999383565
155,S3_CASE_WAIT,3,-18.60000046249988,-6.200000286102295,0.0027955559780821204,0.007783063570968807,0.012812483357265592,1.1393749117851257,0.02218230627477169,0.0,0.9782481491565704,0.0,-11.004101753234863,4.851709723472595,0.010047875002783258
156,S3_CASE_CLOSURE,3,-18.60000132069981,-6.200000762939453,-0.0099967906717211,-0.005154110627094255,0.01285844505764544,1.127190262079239,0.0037643314281012863,0.0,0.9963271170854568,1.1920928955078125e-07,-10.995455741882324,1.678755760192871,0.009951457999704871
157,S3_CASE_FEASIBLE,3,-18.600000854199607,-6.200000286102295,-0.03653523535467684,-0.028679095751916073,0.006636497913859785,1.117438942193985,-0.022699137218296528,0.0,1.0239727795124054,0.0,-11.000475883483887,5.957674026489258,0.010558207999565639
158,S3_CASE_WAIT,3,-18.60000163749937,-6.200000762939453,-0.01641267747618258,-0.024317635145659544,0.038309828378260136,1.124995619058609,-0.007422119476056643,0.0,1.0080799460411072,4.967053612858763e-08,-10.991939544677734,4.9762760400772095,0.010654375000740401
159,S3_CASE_CLOSURE,3,-18.60000137499883,-6.200000762939453,-0.011444682721048594,-0.006894621978669413,0.01378200319595635,1.1441062688827515,0.0036818981946762364,0.0,0.99640192091465,0.0,-10.999175071716309,3.4867137670516968,0.010159375000512227
160,S3_CASE_FEASIBLE,3,-18.600000512499538,-6.200000286102295,-0.02795000304467976,-0.022645175262975492,0.012696229852735996,1.1652942299842834,-0.04320533154532313,0.0,1.0453189611434937,5.960464477539063e-08,-11.016803741455078,6.283695816993713,0.010305333998985589
161,S3_CASE_WAIT,3,-18.60000140830016,-6.200000762939453,-0.016981552471406758,-0.022364521942411564,0.03437684150412679,1.1805451810359955,0.017398973771681092,0.0,0.9832891672849655,0.0,-10.996596336364746,3.49869441986084,0.009896832998492755
162,S3_CASE_CLOSURE,3,-18.600000887500208,-6.200000762939453,-0.006166151259094477,-0.004868326504947618,0.0212387815117836,1.1917215585708618,-0.005311389802955091,0.0,1.0054155588150024,0.0,-10.98538875579834,4.6503599882125854,0.01003225000022212
163,S3_CASE_FEASIBLE,3,-18.600001404200157,-6.200000762939453,-0.0042041384149342775,-0.010361088012965425,0.036278616171330214,1.1982358992099762,0.007522831418707021,0.0,0.9926959574222565,-7.450580596923828e-08,-11.01586627960205,3.8829533457756042,0.010039207998488564
164,S3_CASE_WAIT,3,-18.600001316601265,-6.200000762939453,-0.02642672648653388,-0.028150993244102196,0.027310974895954132,1.1931220591068268,0.02505688943589668,0.0,0.9762793481349945,0.0,-11.016003608703613,4.151002407073975,0.010073833997012116
165,S3_CASE_CLOSURE,3,-18.600001054199673,-6.200000286102295,-0.0013200566172599792,-0.024110615951940417,0.06922832038253546,1.1823601126670837,0.003050297556910664,0.0,0.9974915832281113,0.0,-11.00403118133545,4.939062595367432,0.010213207999186125
166,S3_CASE_FEASIBLE,3,-18.600000887500208,-6.200000762939453,-0.004130194429308176,-0.008320480742743719,0.031778634525835514,1.1699031293392181,0.012075464008376002,0.0,0.9881972372531891,3.973643103449831e-08,-11.010490417480469,4.75359845161438,0.010149624999030493
167,S3_CASE_WAIT,3,-18.600001345798955,-6.200000762939453,-0.008260314469225705,6.237871518166571e-05,0.0065470405970700085,1.159621387720108,-0.0015011032325364937,0.0,1.0015123933553696,6.953874986947994e-08,-11.002638816833496,3.445164918899536,0.010049958000308834
168,S3_CASE_CLOSURE,3,-18.600001470800635,-6.200000762939453,-0.026688775280490518,-0.024902749263371327,0.019497830187901855,1.153494119644165,-0.025658975200106404,0.0,1.0268326997756958,7.947286206899662e-08,-10.998518943786621,4.391010046005249,0.010007208002207335
169,S3_CASE_FEASIBLE,3,-18.600001333300312,-6.200000762939453,0.0025356675032526255,0.003617852906852015,0.020881439093500376,1.152290552854538,0.011321187096958951,0.0,0.9888427555561066,0.0,-10.998950004577637,3.7567375898361206,0.010392208998382557
170,S3_CASE_WAIT,3,-18.600001133299518,-6.200000762939453,-0.028189078671857715,-0.021235363713155486,0.009156379819614813,1.153190553188324,-0.011156499618664384,0.0,1.0118147134780884,3.973643103449831e-08,-10.996200561523438,5.107191443443298,0.010775833994557615
171,S3_CASE_CLOSURE,3,-18.60000141260025,-6.200000762939453,-0.02954338234849274,-0.033203235982607104,0.030204726150259376,1.1442509591579437,0.006103426198629691,0.0,0.9949429333209991,3.973643103449831e-08,-11.010245323181152,3.8614664673805237,0.010114541997609194
172,S3_CASE_FEASIBLE,3,-18.600001716600673,-6.200000762939453,0.029804237419739366,-0.0004712221755962531,0.08298525866121054,1.1217171251773834,-0.007390320378665827,0.0,1.0076298713684082,3.973643103449831e-08,-11.019756317138672,3.5134260058403015,0.010717333003412932
173,S3_CASE_WAIT,3,-18.60000161249991,-6.200000762939453,-0.03666007402352989,-0.032631481221566894,0.01411185075994581,1.1084519624710083,0.01938546642971506,0.0,0.9819440394639969,0.0,-11.014214515686035,3.1153526306152344,0.010453374998178333
174,S3_CASE_CLOSURE,3,-18.600001508400602,-6.200000762939453,0.012934483354911208,0.01602367078885436,0.015671729808673263,1.0925052165985107,0.019395381289844416,0.0,0.9813228845596313,-3.973643103449831e-08,-11.007233619689941,5.012570023536682,0.010385041001427453
175,S3_CASE_FEASIBLE,3,-18.6000013335004,-6.200000762939453,0.0013100306969136,-0.008948510027646073,0.041963664814829826,1.072329193353653,-0.015195797197520733,0.0,1.0154657661914825,1.9868215517249155e-08,-10.991744995117188,4.132981657981873,0.01012674999947194
176,S3_CASE_WAIT,3,-18.60000128330139,-6.200000762939453,-0.03158422466367483,-0.028968234701703288,0.01585899922065437,1.0545490384101868,-0.027479449442277648,0.0,1.028740406036377,0.0,-10.995086669921875,3.7274847626686096,0.010892166996200103
177,S3_CASE_CLOSURE,3,-18.600002033400234,-6.200000762939453,-0.05224761413410306,-0.04343062064920744,0.0030024282095837407,1.0318209528923035,-0.027709742542356253,0.0,1.029752641916275,-2.384185791015625e-07,-11.007342338562012,3.2746026515960693,0.011224792004213668
178,S3_CASE_FEASIBLE,3,-18.600001612600316,-6.200000762939453,0.021671957336366177,0.018014681835968993,0.027427670545876026,1.0056559145450592,-0.019014438148587942,0.0,1.0195039808750153,5.960464477539063e-08,-10.997673988342285,2.871040403842926,0.010496666996914428
179,S3_CASE_WAIT,3,-18.600000874999388,-6.200000762939453,-0.012442249339073896,-0.011118585864703157,0.0175770646892488,1.0112195909023285,0.003686308880181066,0.0,0.9965702444314957,1.9868215517249155e-08,-11.005160331726074,2.3920043110847473,0.01020658299967181
180,S3_CASE_CLOSURE,3,-18.60000145410013,-6.200000762939453,-0.011389565886929631,-0.011566038980769466,0.02120963577181101,1.0428345203399658,0.02552696053559611,0.0,0.9750949293375015,0.0,-11.001984596252441,1.7884973585605621,0.010326833005819935
181,S3_CASE_FEASIBLE,3,-18.60000094989955,-6.200000762939453,-0.01681615097913891,-0.01719102267331074,0.022092362865805626,1.0671310126781464,-0.006884078068348565,0.0,1.0072244703769684,-3.973643103449831e-08,-10.98992919921875,5.01895797252655,0.010092208001879044
182,S3_CASE_WAIT,3,-18.60000131249908,-6.200000762939453,0.00646413373760879,-0.013990518947441188,0.062398526817560196,1.0744610726833344,0.0010298291648114244,0.0,0.9991641789674759,1.986821445143505e-07,-11.017844200134277,6.063159942626953,0.010399958002381027
183,S3_CASE_CLOSURE,3,-18.600001787499785,-6.200000762939453,0.020452520344406366,0.002218440204160288,0.05770004168152809,1.0615940392017365,-0.0070545672982307295,0.0,1.0071035027503967,-7.947286206899662e-08,-11.026752471923828,2.4907346963882446,0.011025915999198332
184,S3_CASE_FEASIBLE,3,-18.600001612500638,-6.200000762939453,-0.02351575973443687,-0.02641710142294551,0.02657999051734805,1.038865327835083,0.010264754217739203,0.0,0.9904083907604218,1.9868215517249155e-08,-11.00588321685791,5.67413866519928,0.011032875001546927
185,S3_CASE_WAIT,3,-18.600001741798767,-6.200000762939453,-0.011147932265885174,-0.004085280001163483,0.005935977853368968,1.0030641704797745,-0.017670244521771572,0.0,1.0179544389247894,0.0,-10.999482154846191,2.3019015192985535,0.010441833001095802
186,S3_CASE_CLOSURE,3,-18.60000145000013,-6.200000762939453,-0.0033837027149274945,0.0040262544450042625,0.0045724353403784335,0.9696175009012222,-0.009995867731049657,0.0,1.0100777745246887,-4.5945245830125714e-08,-11.009894371032715,2.488863170146942,0.010301750000508036
187,S3_CASE_FEASIBLE,3,-18.600001499999777,-6.200000762939453,-0.009962527547031641,-0.006701921520289034,0.012707479938399047,0.961434617638588,-0.00439700490096584,0.0,1.0045580863952637,3.973643103449831e-08,-11.000996589660645,1.7341981530189514,0.01047833300253842
188,S3_CASE_WAIT,3,-18.600000487500072,-6.200000286102295,-0.029394515557214618,-0.024566953458512675,0.009639587893616408,0.9647357165813446,-0.004243751405738294,0.0,1.0048750638961792,0.0,-10.992379188537598,3.6861205101013184,0.010281832997861784
189,S3_CASE_CLOSURE,3,-18.600001033399895,-6.200000762939453,0.008116844343021512,-0.009772305435035378,0.0549859874881804,0.9603843837976456,0.014402419406300382,0.0,0.9859059154987335,0.0,-11.014485359191895,5.756290674209595,0.010535166002227925
190,S3_CASE_FEASIBLE,3,-18.600001299998986,-6.200000762939453,0.029113275930285454,0.004403887859855793,0.0687564229592681,0.9668823778629303,0.006528556308087907,0.0,0.9935150891542435,-3.973643103449831e-08,-11.002049446105957,2.6253691017627716,0.010205250000581145
191,S3_CASE_WAIT,3,-18.600001350000092,-6.200000762939453,-0.020685113267973065,-0.03886989209180047,0.05552106024697423,0.9575751423835754,0.0350894023043411,0.0833333358168602,0.9687507599592209,0.0,-11.010826110839844,5.1171780824661255,0.010592207996523939
192,S3_CASE_CLOSURE,3,-18.60000132090063,-6.200000762939453,0.04232974932529032,-0.0015128043493550791,0.10653718281537294,0.9426040202379227,-6.166101472171448e-05,0.0,1.0000719875097275,-2.4835268064293814e-08,-11.032294273376465,4.9665016531944275,0.010024874994996935
193,S3_CASE_FEASIBLE,3,-18.60000084170024,-6.200000762939453,-0.006807545432820916,-0.009183337528763325,0.023426603991538286,0.9337510615587234,0.010159234108868986,0.0,0.9900571554899216,7.947286206899662e-08,-11.004900932312012,4.334067463874817,0.009788167000806425
194,S3_CASE_WAIT,3,-18.600001945899567,-6.200000762939453,-0.010448752786032856,-0.005260979087324813,0.007747674826532602,0.9061611145734787,-0.017890264823411606,0.0,1.0182404220104218,5.960464477539063e-08,-10.996234893798828,3.51079523563385,0.01152308400196489
195,S3_CASE_CLOSURE,3,-18.600001266600156,-6.200000762939453,-0.005933866719715297,-0.004127191864730095,0.014252128545194864,0.8932739198207855,-0.01553944781577865,0.0,1.0159142315387726,0.0,-11.008590698242188,5.403331637382507,0.010358250001445413
196,S3_CASE_FEASIBLE,3,-18.600001316700215,-6.200000762939453,-0.003418202861212194,0.0001355521283876726,0.010981892235577106,0.9044701159000397,0.0022244651918299496,0.0,0.9977838844060898,-1.1920928955078125e-07,-10.996174812316895,1.6709538996219635,0.01010645800124621
197,S3_CASE_WAIT,3,-18.60000160000054,-6.200000762939453,-0.004088273970410228,-0.0125578543714564,0.034920410718768835,0.8990625143051147,0.004227936306657298,0.0,0.9959708750247955,3.973643103449831e-08,-11.013720512390137,5.261696100234985,0.010213084002316464
198,S3_CASE_CLOSURE,3,-18.60000125419974,-6.200000762939453,-0.00023319909814745188,-0.0010025551406824817,0.01925361156463623,0.8857450485229492,-5.422036338131875e-05,0.0,1.000060811638832,3.973643103449831e-08,-11.02149486541748,3.004565179347992,0.009519541999907233
199,S3_CASE_FEASIBLE,3,-18.600001887501275,-6.200000762939453,0.0008496500086039305,0.0015402746478985208,0.01613595988601446,0.8758604675531387,-0.0009570121813649024,0.0,1.000962808728218,1.4901161193847656e-08,-11.001860618591309,2.6205384135246277,0.01053874999342952
200,S3_CASE_WAIT,3,-18.60000167090111,-6.200000762939453,-0.019217657507397234,-0.01367500692140311,0.006230359780602157,0.8657830953598022,-0.00961901736445725,0.0,1.0098443627357483,-1.9868215517249155e-08,-11.001317024230957,2.837627649307251,0.01023716700001387
201,S3_CASE_CLOSURE,3,-18.600000933399862,-6.200000762939453,-0.0051209572702646255,-0.0006986807372113546,0.008252459694631398,0.854850634932518,-0.0007144013652577996,0.0,1.0010365098714828,3.973643103449831e-08,-11.008060455322266,3.5770596265792847,0.010320125002181157
202,S3_CASE_FEASIBLE,3,-18.600001279199205,-6.200000286102295,-0.022964897914789617,-0.019589906092733145,0.009847093839198351,0.829853892326355,0.004648069521257625,0.0,0.9957236647605896,0.0,-11.012503623962402,5.443163633346558,0.010444874998938758
203,S3_CASE_WAIT,3,-18.60000147500032,-6.200000762939453,-0.0030412677442654967,-0.0023536676162621006,0.014772019116207957,0.807360976934433,-0.006624420289881527,0.0,1.0066772103309631,3.973643103449831e-08,-11.00389575958252,1.2189301997423172,0.01074808300472796
204,S3_CASE_CLOSURE,3,-18.60000104589999,-6.200000762939453,-0.007930530235171318,-0.004733448343661628,0.009494811063632369,0.7944487482309341,-0.005321979673074573,0.0,1.0054216235876083,0.0,-11.01308822631836,5.651297569274902,0.010298041997884866
205,S3_CASE_FEASIBLE,3,-18.60000127079984,-6.200000762939453,0.001747436122968793,-0.005823053380784815,0.03128591226413846,0.8072466999292374,0.00440116721438244,0.0,0.9956475049257278,0.0,-10.999424934387207,1.4745596945285797,0.009682416995929088
206,S3_CASE_WAIT,3,-18.600001708499622,-6.200000762939453,-0.0076382310362532735,-0.0032438164635095745,0.007437417851178907,0.8113123625516891,2.9702961910516024e-05,0.0,0.9999917894601822,0.0,-10.993721961975098,5.270661354064941,0.010500459000468254
207,S3_CASE_CLOSURE,3,-18.600000929100496,-6.200000762939453,-0.04655680060386658,-0.04316293184335063,0.009266622015275061,0.8027178049087524,0.017944753713284634,0.0,0.9841133803129196,1.9868215517249155e-08,-11.00497817993164,4.998352289199829,0.010234374996798579
208,S3_CASE_FEASIBLE,3,-18.60000124990038,-6.200000762939453,0.018344468669965863,-0.0011449493270738742,0.05489954724907875,0.7960356026887894,-0.001056989055845392,0.0,1.0010681748390198,-1.9868215517249155e-08,-10.989542961120605,3.1677229404449463,0.010175457995501347
209,S3_CASE_WAIT,3,-18.600001512499876,-6.200000762939453,0.0010206418810412288,-0.0026930384725956102,0.023108811117708683,0.7840725034475327,0.001496156076124855,0.0,0.9985613971948624,-3.973643103449831e-08,-11.001608848571777,1.5563350021839142,0.010512416993151419
210,S3_CASE_CLOSURE,3,-18.60000190840001,-6.200000762939453,-0.003703311551362276,-0.0037372659038137357,0.01565642553032376,0.779425859451294,0.0029143094434402883,0.0,0.9971134066581726,5.960464477539063e-08,-11.019721984863281,2.4755998253822327,0.01088466600049287
211,S3_CASE_FEASIBLE,3,-18.60000061249957,-6.200000286102295,-0.030204613925889134,-0.028056151776884697,0.011254490236751735,0.7775706797838211,-0.00519644224550575,0.0,1.0058988630771637,-3.973643103449831e-08,-10.999369621276855,6.373059511184692,0.010341375003918074
212,S3_CASE_WAIT,3,-18.600001374999557,-6.200000762939453,-0.00749322900082916,-0.007703110323443063,0.01565921911969781,0.7619728296995163,0.029648284117381074,0.0,0.9721269905567169,1.9868215517249155e-08,-10.998246192932129,2.582462430000305,0.010653541998181026
213,S3_CASE_CLOSURE,3,-18.60000127920066,-6.200000762939453,0.0007881121709942818,-0.0021607180630471845,0.020612063817679882,0.7357201874256134,-0.005383491632528603,0.0,1.0054078102111816,-7.947286206899662e-08,-11.018059730529785,1.323783501982689,0.010215541995421518
214,S3_CASE_FEASIBLE,3,-18.600001716800033,-6.200000762939453,-0.013243760797195137,-0.010342689813114703,0.008630867872852832,0.7216505259275436,-0.01370641600806266,0.0,1.0140297710895538,9.934107758624577e-09,-11.003028869628906,3.401563286781311,0.010150792004424147
215,S3_CASE_WAIT,3,-18.600001262499426,-6.200000762939453,-0.016998489969410002,-0.014077473470631041,0.008528936421498656,0.7185484766960144,-0.015340745216235518,0.0,1.0157790780067444,3.973643103449831e-08,-10.994790077209473,4.967532634735107,0.010023417002230417
216,S3_CASE_CLOSURE,3,-18.600001791799148,-6.200000762939453,-0.0035232320660725236,0.0022074630251154304,0.0030694780871272087,0.7265434414148331,0.005175948259420693,0.0,0.9948845505714417,7.947286206899662e-08,-11.002131462097168,0.9128828942775726,0.010463499995239545
217,S3_CASE_FEASIBLE,3,-18.60000082080078,-6.200000286102295,-0.03286769171245396,-0.027373340213671327,0.003807692206464708,0.739819809794426,-0.02795257124429007,0.0,1.0291788876056671,0.0,-10.999787330627441,4.814492583274841,0.010164083003473934
218,S3_CASE_WAIT,3,-18.60000153340006,-6.200000762939453,-0.00966195878572762,-0.004842442712591932,0.005524311156477779,0.7581671923398972,0.006338586506899446,0.0,0.9937752038240433,1.1920928955078125e-07,-11.000988960266113,1.2164027392864227,0.010005167001509108
219,S3_CASE_CLOSURE,3,-18.600001266600156,-6.200000762939453,-0.025899129803292453,-0.0209725359454751,0.005545927822822705,0.7699557393789291,0.015235622956727646,0.0,0.9853948205709457,3.973643103449831e-08,-11.012187004089355,2.68874990940094,0.010557125002378598
220,S3_CASE_FEASIBLE,3,-18.600001258299745,-6.200000762939453,-0.02131980110425502,-0.01684277760796249,0.006638057267991826,0.7796052545309067,-0.027568559162318707,0.0,1.0286310613155365,0.0,-11.004887580871582,4.4248645305633545,0.010686791996704414
221,S3_CASE_WAIT,3,-18.60000165399979,-6.200000762939453,0.013135205721482635,0.007491114200092852,0.027334096375852823,0.8022956699132919,0.010637621007238529,0.0,0.9894917458295822,-3.973643103449831e-08,-10.989822387695312,3.728614926338196,0.010741166996012907
222,S3_CASE_CLOSURE,3,-18.600001495799372,-6.200000762939453,-0.009508535265922546,-0.007935444446047768,0.013187206350266933,0.8166694194078445,0.012198975038092641,0.0,0.9880010783672333,7.947286206899662e-08,-10.99602222442627,6.095439314842224,0.010315583000192419
223,S3_CASE_FEASIBLE,3,-18.600001279098798,-6.200000762939453,-0.010838841670192778,-0.011419432742211022,0.01734621776267886,0.8092517703771591,0.009685854194685817,0.0,0.9906165301799774,1.9868215517249155e-08,-11.013477325439453,3.84643018245697,0.010243042001093272
224,S3_CASE_WAIT,3,-18.600001837500166,-6.200000762939453,-0.017759029869921505,-0.011647485856276063,0.003676384498248808,0.7949736267328262,0.008616139452595206,0.0,0.9916245341300964,0.0,-11.008720397949219,3.2742727994918823,0.010446708001836669
225,S3_CASE_CLOSURE,3,-18.600001541699747,-6.200000762939453,-0.013066735351458192,-0.009350071117903092,0.00812705629505217,0.7780192345380783,-0.012779027029561796,0.0,1.0131049752235413,0.0,-10.99959945678711,2.7904435992240906,0.010241249998216517
226,S3_CASE_FEASIBLE,3,-18.600001354100826,-6.200000762939453,-0.000472221989184618,0.003982926408449661,0.006489891675300896,0.7700094431638718,-0.009739776607602835,0.0,1.0098934769630432,3.973643103449831e-08,-11.00815486907959,2.02408030629158,0.010923499998170882
227,S3_CASE_WAIT,3,-18.60000184570017,-6.200000762939453,-0.027954240096732974,-0.022542034586270354,0.004235737957060337,0.7530074715614319,0.014432182031062446,0.0,0.9862015545368195,1.9868215517249155e-08,-11.009956359863281,4.014620304107666,0.010936124999716412
228,S3_CASE_CLOSURE,3,-18.600001729100768,-6.200000762939453,-0.04372057371074334,-0.045224398684998945,0.017429081490263343,0.7210715711116791,0.031395734287798405,0.0,0.9711852371692657,5.960464477539063e-08,-11.001964569091797,4.113091707229614,0.010601374997349922
229,S3_CASE_FEASIBLE,3,-18.600001591699403,-6.200000762939453,-0.003263896913267672,-0.02735422054926584,0.06161138787865639,0.6715370714664459,0.015592286673685507,0.0,0.9852548390626907,-7.947286206899662e-08,-11.000962257385254,4.430239796638489,0.010284458003297914
230,S3_CASE_WAIT,3,-18.600001591600446,-6.200000762939453,0.029387195012532175,2.2292059536077602e-05,0.07127708569169044,0.6273640245199203,-0.00338137149810791,0.0,1.0033966898918152,-1.9868215517249155e-08,-11.007294654846191,2.187936305999756,0.010443708000821061
231,S3_CASE_CLOSURE,3,-18.600001487499686,-6.200000762939453,-0.019947678316384554,-0.020333761582151055,0.013617722317576408,0.6422778964042664,0.015570481773465872,0.0,0.9850014746189117,9.934107758624577e-09,-11.0101900100708,1.9651505947113037,0.010371042000770103
232,S3_CASE_FEASIBLE,3,-18.600001362500187,-6.200000762939453,0.022405192255973816,0.012286672135815024,0.03358882712200284,0.6675892770290375,0.009947418933734298,0.0,0.990285113453865,0.0,-10.998817443847656,2.156375527381897,0.010190332999627572
233,S3_CASE_WAIT,3,-18.600001083299865,-6.200000762939453,-0.009418117930181324,-0.020169456644605788,0.034661224111914635,0.6579273492097855,0.013819336658343673,0.0,0.987171083688736,0.0,-10.999137878417969,3.9069012999534607,0.010202707999269478
234,S3_CASE_CLOSURE,3,-18.600001304199395,-6.200000762939453,0.008017234737053514,-0.007088218932040036,0.04267684370279312,0.6232968270778656,-0.01378293801099062,0.0,1.0141355693340302,-5.960464477539063e-08,-11.016425132751465,1.5422408282756805,0.00992920900171157
235,S3_CASE_FEASIBLE,3,-18.600001354199776,-6.200000762939453,0.012335426290519536,0.010025014402344823,0.016504560131579638,0.59418685734272,0.00885483638072948,0.0,0.991305947303772,0.0,-11.003886222839355,3.83550363779068,0.009872999995423015
236,S3_CASE_WAIT,3,-18.600001625000004,-6.200000762939453,-0.0056063749943859875,-0.005319695395883173,0.011037491261959076,0.5805425494909286,-0.006146788538899273,0.0,1.006219893693924,0.0,-10.994309425354004,1.7722813487052917,0.010314209001080599
237,S3_CASE_CLOSURE,3,-18.600001383500786,-6.200000762939453,-0.00025181035744026303,0.00323000548329766,0.004139797179959714,0.5551714599132538,-0.004808564942020865,0.0,1.0048518180847168,1.9868215517249155e-08,-11.006117820739746,0.9855726808309555,0.010054165999463294
238,S3_CASE_FEASIBLE,3,-18.600001325099583,-6.200000762939453,-0.004406245541758835,-0.0008996476342417736,0.004074174736160785,0.5543685555458069,0.0005060434972019578,0.0,0.9995100945234299,0.0,-11.001107215881348,3.0306239128112793,0.01012254099623533
239,S3_CASE_WAIT,3,-18.60000127500025,-6.200000762939453,-0.003991444827988744,-0.0013214001858905533,0.005565194471273571,0.5452641993761063,0.00025465093979981646,0.0,0.9997505247592926,-3.973643103449831e-08,-11.005520820617676,1.0209970623254776,0.010216541995760053
240,S3_CASE_CLOSURE,3,-18.600001370799873,-6.200000762939453,-0.016899856040254235,-0.012784972980928622,0.003061492519918829,0.5645629316568375,0.010117471450939775,0.0,0.9901062995195389,-3.973643103449831e-08,-11.007285118103027,1.7017377316951752,0.01012470800196752
241,S3_CASE_FEASIBLE,3,-18.60000143329962,-6.200000762939453,0.005683860508725047,0.007738371806529365,0.0077489574905484915,0.5928989946842194,0.00734521949198097,0.0,0.9927733987569809,3.973643103449831e-08,-11.000285148620605,1.4839970469474792,0.010171333997277543
242,S3_CASE_WAIT,3,-18.600001570901078,-6.200000762939453,-0.012129628215916455,-0.008215382772807978,0.003938824171200395,0.5883657485246658,-0.006490329978987575,0.0,1.0065847635269165,-1.9868215517249155e-08,-11.00234317779541,2.0496296882629395,0.010080874999403022
243,S3_CASE_CLOSURE,3,-18.600001520800287,-6.200000762939453,-0.0012093138648197055,0.0027554954091708606,0.003412378136999905,0.56709985435009,0.006078948732465506,0.0,0.9939970821142197,-1.9868215517249155e-08,-11.005141258239746,1.631395161151886,0.01008900000306312
244,S3_CASE_FEASIBLE,3,-18.60000128329993,-6.200000762939453,-0.010655401041731238,-0.005633107755177669,0.001412739569786936,0.5728663057088852,0.006022512854542583,0.0,0.9940504729747772,-3.973643103449831e-08,-11.00745677947998,1.5748665034770966,0.010675458004698157
245,S3_CASE_WAIT,3,-18.600001716699627,-6.200000762939453,-0.007919456227682531,-0.002872777501276458,0.00192156684352085,0.600746214389801,0.012875636806711555,0.0,0.9874617010354996,0.0,-11.003996849060059,0.49441220611333847,0.011434166997787543
246,S3_CASE_CLOSURE,3,-18.60000145419981,-6.200000762939453,-0.007055575959384441,-0.0009951789785795917,0.0005310234409989789,0.6325908899307251,-0.0013855298529961146,0.0,1.0022163838148117,-1.9868215517249155e-08,-11.004624366760254,3.0655691623687744,0.010875125000893604
247,S3_CASE_FEASIBLE,3,-18.600002054099605,-6.200000762939453,-0.02392599475570023,-0.021210298097381397,0.007897256000433117,0.6664324253797531,-0.009465893032029271,0.0,1.0099185407161713,-9.934107225717526e-08,-10.999267578125,5.39861798286438,0.011164875002577901
248,S3_CASE_WAIT,3,-18.600001454200537,-6.200000762939453,-0.017445050296373665,-0.013917331855433535,0.00695762864779681,0.7006532996892929,-0.009741087599346443,0.0,1.0101413875818253,7.947286206899662e-08,-10.995132446289062,2.925145983695984,0.010472583002410829
249,S3_CASE_CLOSURE,3,-18.600001233300283,-6.200000762939453,-0.020579524920322,-0.01653041985506798,0.006549569079652429,0.732388973236084,0.02422432042658329,0.0,0.9768403917551041,-1.9868215517249155e-08,-11.00405502319336,1.7866560518741608,0.01005612500011921
250,S3_CASE_FEASIBLE,3,-18.600001758400325,-6.200000762939453,-0.03822725324425846,-0.03994846794133444,0.0185855810996145,0.75715771317482,0.03504877366746495,0.0,0.9673217087984085,2.9802322387695312e-08,-11.002812385559082,3.189778506755829,0.011374249996151775
251,S3_CASE_WAIT,3,-18.600001491599684,-6.200000762939453,0.009673185995779932,-0.0048301493225153536,0.04430488310754299,0.7649106383323669,0.00557552763590774,0.0,0.9944940209388733,-3.973643103449831e-08,-11.002693176269531,4.3022143840789795,0.011438708002970088
252,S3_CASE_CLOSURE,3,-18.600001716699627,-6.200000762939453,-0.021578801097348332,-0.02948822034522891,0.030949857085943222,0.7565509527921677,0.011490682799679242,0.0,0.9896667897701263,3.973643103449831e-08,-11.007915496826172,4.452377080917358,0.011137249995954335
253,S3_CASE_FEASIBLE,3,-18.600001579200033,-6.200000762939453,-0.035915662185288966,-0.04169211722910404,0.026477058418095112,0.7462073415517807,0.03540520851189832,0.0,0.9670937955379486,0.0,-11.010673522949219,4.053810238838196,0.010438042001624126
254,S3_CASE_WAIT,3,-18.600001266700563,-6.200000762939453,-0.022767917602322996,-0.030204622851063512,0.029477442614734173,0.7302016764879227,0.010605494258925319,0.0,0.9904263764619827,-3.973643103449831e-08,-11.005709648132324,5.170007824897766,0.010328500000468921
255,S3_CASE_CLOSURE,3,-18.60000092919945,-6.200000762939453,-0.013572174590080976,-0.015940358784670927,0.018955775070935488,0.7109703123569489,0.025662242978190974,0.0,0.9756259769201279,0.0,-10.993407249450684,3.9399314522743225,0.010100459003297146
256,S3_CASE_FEASIBLE,3,-18.60000138760006,-6.200000762939453,-0.04047134215943515,-0.0374580005494245,0.007548068533651531,0.6787374764680862,0.029066980195540992,0.0,0.9729655832052231,1.9868215517249155e-08,-11.003722190856934,4.734517455101013,0.010332874997402541
257,S3_CASE_WAIT,3,-18.60000172509972,-6.200000762939453,0.001699929591268301,0.004577628045808524,0.007068225299008191,0.6411811411380768,-0.006347199319861829,0.0,1.0063976347446442,0.0,-11.013782501220703,1.2655774354934692,0.010328083000786137
258,S3_CASE_CLOSURE,3,-18.60000132080022,-6.200000762939453,-0.003090251935645938,0.00048601130644509993,0.005261218873783946,0.6206872910261154,-0.0015035073593026027,0.0,1.0015195161104202,-2.9802322387695312e-08,-11.001384735107422,5.178776741027832,0.010341875000449363
259,S3_CASE_FEASIBLE,3,-18.600001770899688,-6.200000762939453,-0.004615104757249355,0.0004815434516176609,0.0022364482283592224,0.6214872449636459,0.00032957394675214857,0.0,0.9996707439422607,0.0,-11.001931190490723,0.9527063220739365,0.010268500001984648
260,S3_CASE_WAIT,3,-18.60000140409975,-6.200000762939453,-0.006809054524637759,-0.0017848921512886307,0.0023684233892709017,0.6208374202251434,-0.0002182324751629494,0.0,1.0002244710922241,-1.5894572413799324e-07,-11.001014709472656,0.5367340743541718,0.01024150000012014
261,S3_CASE_CLOSURE,3,-18.600001583300035,-6.200000762939453,-0.005419850815087557,-0.0009885082636174047,0.0037163809465710074,0.6289533227682114,0.0009076793794520199,0.0,0.9991187751293182,-3.973643103449831e-08,-11.003334045410156,0.9252018332481384,0.010559166999883018
262,S3_CASE_FEASIBLE,3,-18.60000127910025,-6.200000762939453,-0.008061020518653095,-0.004181495673644342,0.005082589632365853,0.6420819759368896,0.0018197894193381359,0.0,0.9981993734836578,4.22199555316638e-08,-11.009289741516113,1.4699791073799133,0.010004374998970889
263,S3_CASE_WAIT,3,-18.60000149179905,-6.200000762939453,-0.0016819245647639036,0.0025323132091825684,0.004563057649647817,0.6495766639709473,0.0014958778920117766,0.0,0.9985108524560928,-5.960464477539063e-08,-10.995487213134766,1.6128242909908295,0.010093291995872278
264,S3_CASE_CLOSURE,3,-18.60000100410034,-6.200000762939453,-0.023975905030965805,-0.019266788925354383,0.003837823838694021,0.6628027707338333,-0.023223558984076575,0.0,1.0239933133125305,-3.973643103449831e-08,-11.009681701660156,5.0777047872543335,0.010133999996469356
265,S3_CASE_FEASIBLE,3,-18.60000136239978,-6.200000762939453,-0.008294885861687362,-0.005661006745261599,0.00850539084058255,0.6886574476957321,0.006155868410132825,0.0,0.9939052015542984,3.973643103449831e-08,-11.002360343933105,0.9454627931118011,0.009942041993781459
266,S3_CASE_WAIT,3,-18.60000130420012,-6.200000762939453,-0.011894567171111703,-0.005711094844931708,0.0018994274796568789,0.7133186161518097,0.005494356213603169,0.0,0.9945580363273621,7.947286206899662e-08,-10.999274253845215,1.5867959558963776,0.010091292002471164
267,S3_CASE_CLOSURE,3,-18.600001258399423,-6.200000762939453,-0.02502195758279413,-0.018604509998112917,0.0019285612215753645,0.7381728291511536,-0.012213250040076673,0.0,1.0127444863319397,0.0,-11.007502555847168,5.536045074462891,0.009852249997493345
268,S3_CASE_FEASIBLE,3,-18.600001320800217,-6.200000762939453,-0.0005894564092159271,0.003761231879859217,0.006593139260075986,0.7647258192300797,0.005560298799537122,0.0,0.9944774061441422,-3.973643103449831e-08,-11.010963439941406,1.4623881578445435,0.009838207995926496
269,S3_CASE_WAIT,3,-18.600000879100115,-6.200000762939453,-0.02308852004352957,-0.01719380919045399,0.0038116037903819233,0.7800513058900833,-0.009365946209679343,0.0,1.009698897600174,0.0,-11.008060455322266,5.5843833684921265,0.010843833006219938
270,S3_CASE_CLOSURE,3,-18.600001558299844,-6.200000762939453,-0.005935928085818887,-0.008120829782757966,0.020354707492515445,0.7992452383041382,0.0027072230198736946,0.0,0.9973977208137512,3.973643103449831e-08,-10.992205619812012,1.9915760159492493,0.010739333003584761
271,S3_CASE_FEASIBLE,3,-18.600001058299675,-6.200000762939453,-0.0084824402583763,-0.0052653078067450565,0.009757757070474327,0.8096011430025101,0.004527131595144063,0.0,0.9955505430698395,-3.973643103449831e-08,-10.997647285461426,4.476760149002075,0.010909291995631065
272,S3_CASE_WAIT,3,-18.600000879199797,-6.200000286102295,0.007505804533138871,-0.0016315653544252129,0.034343660809099674,0.8034461140632629,-0.009787639059746667,0.0,1.0100003480911255,0.0,-11.021202087402344,5.270905017852783,0.010730125002737623
273,S3_CASE_CLOSURE,3,-18.600001083299865,-6.200000286102295,0.007002374855801463,0.011609639041125774,0.00685616594273597,0.8035347759723663,-0.004082560578050121,0.0,1.0041992515325546,3.973643103449831e-08,-11.010128021240234,6.065581560134888,0.010248291997413617
274,S3_CASE_FEASIBLE,3,-18.60000157920076,-6.200000762939453,-0.015070942230522633,-0.008524638969296117,0.0029204311504145153,0.8006518930196762,-0.010397732490673661,0.0,1.0107620656490326,9.934107758624577e-09,-11.001824378967285,2.994494318962097,0.010306791999028064
275,S3_CASE_WAIT,3,-18.60000129999971,-6.200000762939453,-0.01925023866351694,-0.028649709653109312,0.03502064826898277,0.8110853284597397,-0.03265893505886197,0.0833333358168602,1.0352437049150467,0.0,-11.014033317565918,2.9731080532073975,0.010101542000484187
276,S3_CASE_CLOSURE,3,-18.600000958298914,-6.200000762939453,0.005585247417911887,0.0006683052827920477,0.02629633224569261,0.8231224417686462,-0.006392886318886681,0.0,1.0064801126718521,-7.947286206899662e-08,-11.01894760131836,2.7817693054676056,0.010581208000076003
277,S3_CASE_FEASIBLE,3,-18.600001337400318,-6.200000762939453,-0.011985127464868128,-0.01585039042402059,0.024073468055576086,0.8171471804380417,0.009231776096082278,0.0,0.9911637753248215,-3.973643103449831e-08,-10.992575645446777,4.82832944393158,0.010957833001157269
278,S3_CASE_WAIT,3,-18.600002025101276,-6.200000762939453,-0.0049396882532164454,-0.008430694501537772,0.023036115802824497,0.8027051836252213,-0.0059248805434126695,0.0,1.0060728639364243,3.973643103449831e-08,-10.998766899108887,1.8916100859642029,0.010700292004912626
279,S3_CASE_CLOSURE,3,-18.6000013542005,-6.200000762939453,-0.004671602742746472,-0.014748516376130283,0.036028900649398565,0.7937536537647247,0.00199446089876254,0.0,0.998828649520874,3.973643103449831e-08,-11.022604942321777,4.904744982719421,0.010187542000494432
280,S3_CASE_FEASIBLE,3,-18.60000127930107,-6.200000762939453,-0.005507633555680513,-0.0007570137628754026,0.00588509370572865,0.7693166881799698,-0.0070770980479810675,0.0,1.0071217268705368,-7.947286206899662e-08,-11.012887001037598,1.5411689579486847,0.0102930830034893
281,S3_CASE_WAIT,3,-18.600001499999777,-6.200000762939453,-0.004225461278110743,0.0013382857044534902,0.0037770362105220556,0.7452265173196793,-0.0028459628229029477,0.0,1.0028822720050812,0.0,-10.99963665008545,1.6217714548110962,0.010229708997940179
282,S3_CASE_CLOSURE,3,-18.60000151659915,-6.200000762939453,-0.00811921083368361,-0.0026878937296714867,0.0039055185625329614,0.7384076416492462,-0.0013215939397923648,0.0,1.0013331472873688,-3.973643103449831e-08,-11.006446838378906,1.4319021105766296,0.010181542005739175
283,S3_CASE_FEASIBLE,3,-18.6000014000012,-6.200000762939453,-0.0027367668226361275,-0.001436660659237532,0.012084938876796514,0.7342575788497925,0.0008006692223716527,0.0,0.9992047548294067,0.0,-10.993179321289062,2.2562372386455536,0.010254792003252078
284,S3_CASE_WAIT,3,-18.60000165839956,-6.200000762939453,-0.0028194799087941647,-0.0012618328328244388,0.011704144068062305,0.7409719228744507,0.0033674040460027754,0.0,0.996669352054596,0.0,-11.007713317871094,1.4405404031276703,0.010057624996989034
285,S3_CASE_CLOSURE,3,-18.60000127080057,-6.200000762939453,-0.011094275861978531,-0.005575974656190752,0.003746457805391401,0.7391530424356461,-0.0063666702480986714,0.0,1.0065029859542847,-5.960464477539063e-08,-11.011810302734375,2.8341540098190308,0.009921832999680191
286,S3_CASE_FEASIBLE,3,-18.60000122490019,-6.200000762939453,-0.02373286138754338,-0.021625745187824563,0.010639476880896837,0.7426855266094208,0.012275417839797242,0.0,0.9882656633853912,3.973643103449831e-08,-11.00021743774414,5.7179834842681885,0.010280791000695899
287,S3_CASE_WAIT,3,-18.600001283400342,-6.200000762939453,0.006017048843204975,0.002453651298613302,0.021866283263079822,0.7369744032621384,-0.002375880896579474,0.0,1.0023855865001678,3.973643103449831e-08,-10.988041877746582,1.7193383276462555,0.009997667002608068
288,S3_CASE_CLOSURE,3,-18.60000090829999,-6.200000286102295,-0.0205148026579991,-0.015664207593847124,0.005089495825814083,0.7395342737436295,-0.01210806767145911,0.0,1.0124989449977875,3.973643103449831e-08,-11.004517555236816,6.446916103363037,0.009999207999499049
289,S3_CASE_FEASIBLE,3,-18.60000127920066,-6.200000762939453,-0.003535174881108105,-0.0017267738512600772,0.011199286207556725,0.7408044189214706,0.011290967580862343,0.0,0.9889746755361557,-3.973643103449831e-08,-11.010930061340332,2.3953916430473328,0.00995116700505605
290,S3_CASE_WAIT,3,-18.60000129570035,-6.200000762939453,-0.01044958340935409,-0.007365842602061079,0.008571269572712481,0.7369375973939896,0.00646533580341746,0.0,0.9937005937099457,0.0,-11.00854206085205,4.2010122537612915,0.010358332998293918
291,S3_CASE_CLOSURE,3,-18.600001812499976,-6.200000762939453,-0.009338766569271684,-0.0046148449764586985,0.004925606015603989,0.7186724990606308,-0.003031690896023065,0.0,1.0030600428581238,0.0,-11.005248069763184,1.1166205406188965,0.010397792000730988
292,S3_CASE_FEASIBLE,3,-18.60000090839967,-6.200000762939453,-0.006609278032556176,-0.0029020283836871386,0.00652203697245568,0.6968268305063248,0.0003614227462094277,0.0,0.9997240006923676,9.934107758624577e-09,-11.011191368103027,1.8327463567256927,0.009974125001463108
293,S3_CASE_WAIT,3,-18.600001370799873,-6.200000762939453,0.004891855292953551,0.0018500232060132404,0.019621313782408834,0.6768825054168701,-0.0032226244802586734,0.0,1.003237098455429,-3.973643103449831e-08,-10.991924285888672,1.877671092748642,0.010255499997583684
294,S3_CASE_CLOSURE,3,-18.60000155000016,-6.200000762939453,-0.006910082069225609,-0.0045690734793115695,0.008945814770413563,0.6813916265964508,0.005251745441151812,0.0,0.9948116987943649,-1.9868215517249155e-08,-11.001663208007812,1.7083375751972198,0.011237792001338676
295,S3_CASE_FEASIBLE,3,-18.60000183749944,-6.200000762939453,-0.003373995772562921,0.00038805604951086536,0.006313147910987027,0.6918625831604004,0.0007941524199850392,0.0,0.9992339611053467,7.947286206899662e-08,-11.014216423034668,1.893726497888565,0.011352166002325248
296,S3_CASE_WAIT,3,-18.60000193760061,-6.200000762939453,-0.010403521824628115,-0.021910950231056603,0.03665962419472635,0.6822383850812912,0.028263151335220726,0.0,0.9734835922718048,1.9868215517249155e-08,-10.995174407958984,2.594749927520752,0.01032341699465178
297,S3_CASE_CLOSURE,3,-18.600001162499392,-6.200000762939453,0.015877995756454766,0.001749183963208445,0.04163834499195218,0.6690360903739929,0.005081146877880194,0.0,0.9949869364500046,-3.973643103449831e-08,-10.987353324890137,2.963282346725464,0.010036167004727758
298,S3_CASE_FEASIBLE,3,-18.600001545699342,-6.200000762939453,0.0015624219086021185,-0.004324967701299087,0.02531185792759061,0.6768539398908615,0.0039006670898142914,0.0,0.9961394667625427,0.0,-11.01102066040039,1.5018606781959534,0.009768625001015607
299,S3_CASE_WAIT,3,-18.600001649999466,-6.200000762939453,-0.003181224688887596,-0.004722198393816157,0.016599097987636924,0.6758575588464737,-0.0027315418556099758,0.0,1.002775251865387,-6.705522537231445e-08,-11.015576362609863,2.08952796459198,0.010026541000115685
300,S3_CASE_CLOSURE,3,-18.600001416599845,-6.200000762939453,-0.0029849159764125943,-0.015962195893129305,0.039191190619021654,0.6618315428495407,-0.01995551547346075,0.0,1.0205943286418915,0.0,-10.989276885986328,5.0303709506988525,0.010063875000923872
301,S3_CASE_FEASIBLE,3,-18.600001787400107,-6.200000762939453,0.004359750193543732,0.002943235100246966,0.01617331273155287,0.6670141369104385,0.0013358990278593552,0.0,0.998681366443634,3.973643103449831e-08,-10.987628936767578,1.8932216465473175,0.011275374999968335
302,S3_CASE_WAIT,3,-18.600002012499317,-6.200000762939453,0.00012937618885189295,-0.0005520308956574738,0.015008850721642375,0.6823018491268158,0.0014904936057664742,0.0,0.9985122084617615,1.9868215517249155e-08,-11.012648582458496,1.7976644337177277,0.010227459002635442
303,S3_CASE_CLOSURE,3,-18.600001733299724,-6.200000762939453,-0.010382716893218458,-0.006072660190208801,0.004940962797263637,0.6780538260936737,0.024490257104238466,0.0,0.9767819046974182,3.973643103449831e-08,-11.00797176361084,1.7039247155189514,0.009756166000443045
304,S3_CASE_FEASIBLE,3,-18.600001595799405,-6.200000762939453,-0.002136815688572824,0.0018707787579241852,0.005345803394448012,0.6680496484041214,-0.002004981021551444,0.0,1.002027466893196,4.842877388000488e-08,-10.998032569885254,1.5149688422679901,0.009803417000512127
305,S3_CASE_WAIT,3,-18.60000170839994,-6.200000762939453,-0.01751990627963096,-0.018415182673682473,0.015191209502518177,0.6700327843427658,0.015298405895009637,0.0,0.9852052181959152,-3.973643103449831e-08,-11.012137413024902,5.4920490980148315,0.010163582999666687
306,S3_CASE_CLOSURE,3,-18.60000139170006,-6.200000762939453,-0.0008471167529933155,-0.001747978287312435,0.015041645616292953,0.661996141076088,-0.0029562314060367356,0.0,1.0029715299606323,3.973643103449831e-08,-11.012779235839844,1.7374683022499084,0.009942290998878889
307,S3_CASE_FEASIBLE,3,-18.60000130410044,-6.200000762939453,0.0002142315497621894,0.00030182799309841357,0.012702385312877595,0.6438789069652557,-0.0029446681146509945,0.0,1.0029522478580475,0.0,-10.994674682617188,1.1976514607667923,0.010392208998382557
308,S3_CASE_WAIT,3,-18.60000202500014,-6.200000762939453,-0.005548872984945774,-0.00468694672842318,0.01114933320786804,0.643659308552742,0.002126971851492243,0.0,0.9978959113359451,-1.9868215517249155e-08,-11.00442123413086,1.2250279486179352,0.010439958001370542
309,S3_CASE_CLOSURE,3,-18.600001591699403,-6.200000762939453,-0.0023742549819871783,-0.0005844296101713553,0.009389242448378354,0.6484446674585342,0.0003085335071464357,0.0,0.9997021555900574,-8.381903171539307e-09,-11.014025688171387,1.6952631175518036,0.010906916002568323
310,S3_CASE_FEASIBLE,3,-18.600002070799384,-6.200000762939453,-0.0003959911409765482,-0.000368678942322731,0.012799703516066074,0.6427164077758789,0.006707012692155345,0.0,0.9933826178312302,0.0,-10.993475914001465,1.36382657289505,0.010956708996673115
311,S3_CASE_WAIT,3,-18.600001741599407,-6.200000762939453,-0.004891173914074898,-0.003980897347597434,0.01114018153748475,0.6480367332696915,0.001830438821343705,0.0,0.9981905966997147,-1.1920928955078125e-07,-11.003165245056152,1.0795846730470657,0.010573999999905936
312,S3_CASE_CLOSURE,3,-18.60000127079984,-6.200000762939453,-0.013894903939217329,-0.011210844114732943,0.007701117341639474,0.6534619182348251,-0.012981434779551826,0.0,1.0134227275848389,-1.9868215517249155e-08,-11.01552677154541,3.4085277318954468,0.01039462500193622
313,S3_CASE_FEASIBLE,3,-18.60000116240044,-6.200000762939453,0.01542905147653073,0.0100806700065732,0.023994128219783306,0.6648682504892349,-0.009794672252610326,0.0,1.009947031736374,-7.947286206899662e-08,-10.993309020996094,5.5057209730148315,0.010438332996272948
314,S3_CASE_WAIT,3,-18.600001662600697,-6.200000762939453,-0.0016711304197087884,0.002175435385046054,0.005692847829777747,0.6692989766597748,0.0008467435764032416,0.0,0.9991661012172699,-3.973643103449831e-08,-10.99507999420166,1.2159906327724457,0.010392875003162771
315,S3_CASE_CLOSURE,3,-18.600001316700215,-6.200000762939453,-0.005272526876069605,0.0004858672715872814,0.001921418312122114,0.6719103306531906,-0.0003647009471023921,0.0,1.0003654211759567,7.947286206899662e-08,-11.006880760192871,1.0834017097949982,0.01030341700243298
316,S3_CASE_FEASIBLE,3,-18.600001241700376,-6.200000762939453,-0.02165769028943032,-0.017417544848285615,0.004869901109486818,0.6675095409154892,0.0023456812098938684,0.0,0.9979938417673111,3.973643103449831e-08,-11.007620811462402,5.607856392860413,0.010603792004985735
317,S3_CASE_WAIT,3,-18.600001154100756,-6.200000762939453,-0.03047562367282808,-0.04249982240920258,0.037343709263950586,0.6647655367851257,0.02385165262967348,0.0,0.9781728684902191,-1.9868215517249155e-08,-11.000773429870605,5.0124311447143555,0.01056679199973587
318,S3_CASE_CLOSURE,3,-18.60000147910032,-6.200000762939453,0.04490854684263468,0.0014073193888179958,0.10032659024000168,0.6662068217992783,0.0012157758173998445,0.0,0.9987879991531372,1.9868215517249155e-08,-10.981188774108887,3.8008848428726196,0.010392833006335422
319,S3_CASE_FEASIBLE,3,-18.600001729099315,-6.200000762939453,-0.0019065035739913583,-0.006118319792828508,0.022034274647012353,0.6805321574211121,0.0034178297015987624,0.0,0.9966263622045517,-3.973643103449831e-08,-10.993569374084473,1.7590235769748688,0.010978875005093869
320,S3_CASE_WAIT,3,-18.600002016700458,-6.200000762939453,0.01736345188692212,0.0028257568483240902,0.04305351711809635,0.6989063918590546,0.003115455231940345,0.0,0.9968980103731155,0.0,-11.022968292236328,2.7089229226112366,0.01112950000242563
321,S3_CASE_CLOSURE,3,-18.600001370799873,-6.200000762939453,-0.004365147557109594,-0.007470990375926245,0.020127961179241538,0.6958137899637222,-0.0014813939778832719,0.0,1.0015264451503754,1.9868215517249155e-08,-11.007664680480957,1.5414794087409973,0.010352249999414198
322,S3_CASE_FEASIBLE,3,-18.60000133739959,-6.200000762939453,0.003413207712583244,-0.0008490830441587605,0.02225194894708693,0.686368390917778,0.005968828976619989,0.0,0.994164302945137,1.9868215517249155e-08,-10.987505912780762,1.9636934697628021,0.010093582997797057
323,S3_CASE_WAIT,3,-18.60000084170024,-6.200000762939453,-0.008600951638072729,-0.007416658113167385,0.011276505538262427,0.6822546571493149,-0.005075226266247235,0.0,1.0051769614219666,3.973643103449831e-08,-11.005270957946777,4.667930722236633,0.010160125006223097
324,S3_CASE_CLOSURE,3,-18.600001425000663,-6.200000762939453,0.00016628496814519167,0.004225790403628249,0.005748784271418117,0.6933897733688354,0.004133482871111482,0.0,0.9958924949169159,-3.973643103449831e-08,-11.012733459472656,1.1781674325466156,0.01032883299922105
325,S3_CASE_FEASIBLE,3,-18.60000129990003,-6.200000762939453,-0.009096114430576563,-0.0032408634724561125,0.0021569824530160986,0.6933742314577103,-0.0013259848128654994,0.0,1.0013371706008911,-9.934107758624577e-09,-11.004730224609375,1.0887284576892853,0.009986666998884175
326,S3_CASE_WAIT,3,-18.60000177080001,-6.200000762939453,-0.0032075628987513483,0.002610435107878395,0.0021227465331321582,0.6879371404647827,0.00124547875020653,0.0,0.9987704157829285,-3.973643103449831e-08,-10.99856185913086,2.4154049158096313,0.010865625001315493
327,S3_CASE_CLOSURE,3,-18.60000190420105,-6.200000762939453,-0.008371246163733304,-0.002337718983957071,0.00184177330811508,0.695441409945488,0.0024802089028526098,0.0,0.9975319057703018,1.9868215517249155e-08,-11.006123542785645,1.041665941476822,0.010916541999904439
328,S3_CASE_FEASIBLE,3,-18.60000107920059,-6.200000762939453,-0.007841822574846447,-0.0031546192961595665,0.004538445093203336,0.6956426203250885,0.00349780911589459,0.0,0.9965798854827881,3.973643103449831e-08,-10.998316764831543,3.8713356256484985,0.010333707999961916
329,S3_CASE_WAIT,3,-18.60000143340003,-6.200000762939453,-0.006273977109231055,-0.004416334171158498,0.009880797239020467,0.6798041760921478,-0.006259441492147744,0.0,1.006325751543045,0.0,-11.005146026611328,0.9551748335361481,0.010438208002597094
330,S3_CASE_CLOSURE,3,-18.60000111660047,-6.200000762939453,-0.0064680533250793815,-0.0018074983430178548,0.004041877698909957,0.6681493818759918,-0.0018032888765446842,0.0,1.001823902130127,7.947286206899662e-08,-11.012748718261719,4.8377238512039185,0.01028237499849638
331,S3_CASE_FEASIBLE,3,-18.60000182490039,-6.200000762939453,-0.007921706652268767,-0.01328059068570564,0.02430873177945614,0.6795481741428375,-0.00957236671820283,0.0,1.0100672245025635,3.973643103449831e-08,-10.99521255493164,3.963225781917572,0.010596041000098921
332,S3_CASE_WAIT,3,-18.600000895799894,-6.200000286102295,-0.0068223075941205025,-0.016962202809129856,0.034360939636826515,0.7040574699640274,-0.00747082638554275,0.0,1.0078210234642029,3.973643103449831e-08,-10.994017601013184,5.709705591201782,0.010222832999716047
333,S3_CASE_CLOSURE,3,-18.60000153340006,-6.200000762939453,-0.003610723535530269,-0.003657598436499654,0.014700135448947549,0.7303193062543869,0.008034686092287302,0.0,0.9920566976070404,0.0,-10.999140739440918,1.1970271319150925,0.010908208001637831
334,S3_CASE_FEASIBLE,3,-18.600001445799716,-6.200000762939453,-0.0035865515819750726,-0.0005735506614046315,0.008942561689764261,0.7484281957149506,-0.0032478968302402933,0.0,1.0033221989870071,-8.940696716308594e-08,-10.998700141906738,1.577521800994873,0.010921958004473709
335,S3_CASE_WAIT,3,-18.60000129589971,-6.200000286102295,0.004551990772597492,-0.009315192699432373,0.042787167243659496,0.7526400238275528,0.004113852900141879,0.0,0.9960383623838425,3.973643103449831e-08,-11.014431953430176,5.234378337860107,0.010769708998850547
336,S3_CASE_CLOSURE,3,-18.600001708499622,-6.200000762939453,0.004282802692614496,-0.01633407889554883,0.05603394005447626,0.7400088459253311,0.011234541772864759,0.0,0.9893360286951065,-3.973643103449831e-08,-11.026107788085938,4.1879934668540955,0.010511374995985534
337,S3_CASE_FEASIBLE,3,-18.6000011832999,-6.200000762939453,-0.020643774536438286,-0.01993801211938262,0.0129377517150715,0.7174638956785202,0.010951826969782807,0.0,0.9898438304662704,-7.947286206899662e-08,-11.018048286437988,5.883906841278076,0.010464333994605113
338,S3_CASE_WAIT,3,-18.600001658398835,-6.200000762939453,0.0003176743630319834,-0.008641797001473606,0.032143897376954556,0.7112477570772171,0.005710820318199694,0.0,0.9943733364343643,0.0,-10.994831085205078,2.0767802000045776,0.010462541999004316
339,S3_CASE_CLOSURE,3,-18.600001341600727,-6.200000762939453,-0.006302409106865525,-0.006441637854248228,0.014731845585629344,0.7226694077253342,0.008807122901393072,0.0,0.9913204908370972,3.973643103449831e-08,-10.993102073669434,1.8286777138710022,0.010267165998811834
340,S3_CASE_FEASIBLE,3,-18.600001579200033,-6.200000762939453,-0.009370450163260102,-0.003822545084403828,0.003672300954349339,0.7384055852890015,0.010685682335557445,0.0,0.9895174354314804,-5.960464477539063e-08,-11.005672454833984,1.2873790264129639,0.010277458000928164
341,S3_CASE_WAIT,3,-18.600001054099994,-6.200000762939453,-0.024834887823089957,-0.0310598073216779,0.027303512440994382,0.7426837086677551,0.005066702685628144,0.0,0.9966079592704773,-4.967053879312289e-09,-10.996578216552734,7.367491602897644,0.010201625002082437
342,S3_CASE_CLOSURE,3,-18.600000900000303,-6.200000286102295,0.023471946828067303,0.0013838832189021488,0.059066394343972206,0.7445133775472641,0.0005829036817885935,0.0,0.9994369596242905,-3.973643103449831e-08,-10.987555503845215,6.743986368179321,0.00993804100289708
343,S3_CASE_FEASIBLE,3,-18.600001308299397,-6.200000762939453,-0.0017313610296696424,-0.008620916438909831,0.02861085394397378,0.7415871918201447,-0.010198453868119017,0.0,1.010378509759903,7.947286206899662e-08,-10.998950958251953,1.923729956150055,0.010054332997242454
344,S3_CASE_WAIT,3,-18.600001616700318,-6.200000762939453,0.004718091571703553,-0.008940533346806667,0.041931175626814365,0.73069629073143,-0.009730319143272936,0.0,1.009864091873169,-3.973643103449831e-08,-11.022418022155762,2.5287179946899414,0.010973915996146388
345,S3_CASE_CLOSURE,3,-18.600001504099783,-6.200000762939453,-0.004806592129170895,-0.003656052051761449,0.011970131541602314,0.7135605961084366,-0.004522025507563754,0.0,1.00456802546978,0.0,-11.01552677154541,3.0767664909362793,0.01088420800078893
346,S3_CASE_FEASIBLE,3,-18.6000013375,-6.200000762939453,0.018484524451196194,-0.005103137906795396,0.06146152596920729,0.7143100947141647,-0.0014353394265835817,0.0,1.0015623271465302,3.973643103449831e-08,-10.987109184265137,2.787420332431793,0.010566042001300957
347,S3_CASE_WAIT,3,-18.60000129580003,-6.200000762939453,-0.005107828299514949,-0.008255421882495284,0.02075979858636856,0.7232306003570557,0.007947713136672974,0.0,0.9921831041574478,0.0,-10.98626708984375,4.07327276468277,0.010354999998526182
348,S3_CASE_CLOSURE,3,-18.600001516799967,-6.200000762939453,0.0005629331571981311,-0.006472845833438434,0.02841425989754498,0.7171351164579391,-0.008337895153090358,0.0,1.00845006108284,3.973643103449831e-08,-11.01389217376709,2.255809247493744,0.01031087500450667
349,S3_CASE_FEASIBLE,3,-18.60000172919972,-6.200000762939453,-0.004105442552827299,-0.005433437627895721,0.016612487379461527,0.6978248804807663,-0.007617990369908512,0.0,1.0077016651630402,3.973643103449831e-08,-11.017861366271973,1.8090447187423706,0.010209500003838912
350,S3_CASE_WAIT,3,-18.600000970799737,-6.200000762939453,0.004932278185151517,0.004974191426299512,0.01349207665771246,0.6787952035665512,-0.007841805520001799,0.0,1.0081669986248016,-3.973643103449831e-08,-11.002619743347168,4.086397290229797,0.010303499999281485
351,S3_CASE_CLOSURE,3,-18.600001450099807,-6.200000762939453,-0.0006131824338808656,-0.007779335215066574,0.02791609801352024,0.6791896522045135,0.012369990232400596,0.0,0.9879293441772461,-1.9868215517249155e-08,-10.992481231689453,2.820235311985016,0.010400790997664444
352,S3_CASE_FEASIBLE,3,-18.60000120839977,-6.200000762939453,-0.004149473621509969,-0.006216347198157557,0.01755907025653869,0.6712662279605865,0.010301510376545586,0.0,0.9900408834218979,0.0,-10.989330291748047,2.5178338289260864,0.010877541004447266
353,S3_CASE_WAIT,3,-18.600001166600123,-6.200000286102295,-0.018006038386374712,-0.0323412218131125,0.041649971855804324,0.6489803045988083,0.01663819902266006,0.0,0.9848235845565796,0.0,-11.011923789978027,4.849374294281006,0.010434499999973923
354,S3_CASE_CLOSURE,3,-18.600001387600784,-6.200000762939453,0.025292192352935672,-0.005345091844598748,0.07366642355918884,0.6195927858352661,-0.006506323930807412,0.0,1.0065609216690063,3.973643103449831e-08,-11.031566619873047,2.6651487946510315,0.01001712500146823
355,S3_CASE_FEASIBLE,3,-18.600001387500377,-6.200000762939453,-0.005177089595235884,-0.004061948566231877,0.009660926341894083,0.5945604294538498,-0.004000465094577521,0.0,1.0040383040904999,0.0,-11.013924598693848,1.5707455277442932,0.010305125004379079
356,S3_CASE_WAIT,3,-18.600000916700083,-6.200000762939453,-0.02128126786556095,-0.021752054880683325,0.012318160443101078,0.5688292980194092,0.02778489406531026,0.0,0.9741487205028534,-1.9868215517249155e-08,-10.991660118103027,3.359160304069519,0.009473999998590443
357,S3_CASE_CLOSURE,3,-18.600001374998826,-6.200000762939453,-0.00507691316306591,-0.004006394553774051,0.00855872718966566,0.5349882394075394,-0.006150503875687718,0.0,1.0062094628810883,3.973643103449831e-08,-11.006739616394043,0.8006730079650879,0.010093666998727713
358,S3_CASE_FEASIBLE,3,-18.600001754199912,-6.200000762939453,-0.0072377766482532024,-0.0034315548449139754,0.002588395305792801,0.5100419670343399,-0.0030695596942678094,0.0,1.003087043762207,7.947286206899662e-08,-11.009966850280762,1.0528396666049957,0.010482332996616606
359,S3_CASE_WAIT,3,-18.600001287500344,-6.200000762939453,-0.0011112980428151786,0.0032240012854645173,0.0012045451876474544,0.4937572032213211,-0.0020873744797427207,0.0,1.0020984709262848,3.973643103449831e-08,-10.999356269836426,0.9303387403488159,0.010082375003548805
360,S3_CASE_CLOSURE,3,-18.600001716700355,-6.200000762939453,-0.005318736657500267,-0.0007170190562342249,0.0004687246910179965,0.4836079999804497,-0.0009580055921105668,0.0,1.0009598135948181,-2.9802322387695312e-08,-11.005501747131348,0.7398986965417862,0.010566208002273925
361,S3_CASE_FEASIBLE,3,-18.600001591699403,-6.200000762939453,-0.03045466833282262,-0.026937295993167965,0.0026298754673916847,0.483230896294117,-0.020306030986830592,0.0,1.0212552845478058,-1.9868215517249155e-08,-11.000788688659668,5.783999085426331,0.010511084001336712
362,S3_CASE_WAIT,3,-18.600001320799493,-6.200000762939453,-0.006222816708032042,-0.0033179770107381046,0.004113152273930609,0.49614157527685165,0.003065168915782124,0.0,0.9969791620969772,-2.384185791015625e-07,-11.000807762145996,0.6505514979362488,0.010315166000509635
363,S3_CASE_CLOSURE,3,-18.60000130000044,-6.200000762939453,-0.006018487561959773,-0.0032468412343105157,0.0046240134397521615,0.5083653032779694,0.0007624824211234227,0.0,0.9992683827877045,1.9868215517249155e-08,-11.00991153717041,5.3328537940979,0.010176749994570855
364,S3_CASE_FEASIBLE,3,-18.600001275000977,-6.200000762939453,-0.0017900357488542795,-0.0010933813658766667,0.008707502391189337,0.5050405710935593,-0.0011969804982072674,0.0,1.0011997818946838,0.0,-11.006396293640137,1.259047418832779,0.009854374999122228
365,S3_CASE_WAIT,3,-18.600001595800858,-6.200000762939453,-0.008644024492241442,-0.005411652246645637,0.0033701270367600955,0.49174360930919647,-0.003275632858276367,0.0,1.0033131539821625,3.973643103449831e-08,-10.999800682067871,1.1253493130207062,0.01038870900083566
366,S3_CASE_CLOSURE,3,-18.600001350000092,-6.200000762939453,0.0006651123985648155,0.0036193231547558824,0.0036491630889941007,0.47787923365831375,-0.0019061366620007902,0.0,1.0019181966781616,2.9802322387695312e-08,-11.004599571228027,1.099131852388382,0.010248792001220863
367,S3_CASE_FEASIBLE,3,-18.60000127910025,-6.200000762939453,-0.005892548186238855,-0.0019025250561144347,0.0015112410619622096,0.47456439584493637,0.000576913353143027,0.0,0.9994283616542816,-3.973643103449831e-08,-11.004828453063965,0.907848984003067,0.010214166002697311
368,S3_CASE_WAIT,3,-18.60000153340006,-6.200000762939453,-0.0029745043721050024,0.0008786792653454611,0.0018689230200834572,0.47876452654600143,0.0008676648139953613,0.0,0.9991355836391449,4.967053612858763e-08,-11.005611419677734,0.8019996583461761,0.01004845800343901
369,S3_CASE_CLOSURE,3,-18.600001287500344,-6.200000762939453,-0.004385037114843726,-0.0007633051451803041,0.002311698452103883,0.47775814682245255,-0.000503460549225565,0.0,1.0005050897598267,3.973643103449831e-08,-11.005269050598145,0.4525810703635216,0.01075354099884862
370,S3_CASE_FEASIBLE,3,-18.600001562500253,-6.200000762939453,-0.006894446909427643,-0.002805605501635,0.0013147211066097952,0.4746202081441879,-0.0011170109258582528,0.0,1.0011252462863922,1.7881393432617188e-07,-11.001328468322754,1.1146994233131409,0.010678583996195812
371,S3_CASE_WAIT,3,-18.600001279100255,-6.200000762939453,-0.00239883188623935,0.0018860175914596766,0.000851295006214059,0.4710497185587883,-0.0004900495211277445,0.0,1.0004944652318954,0.0,-11.00788402557373,0.6988437175750732,0.010260666997055523
372,S3_CASE_CLOSURE,3,-18.60000179589988,-6.200000762939453,-0.005694243707694113,-0.001206204884510953,0.000456162011687411,0.47161199897527695,-0.00015401839846163057,0.0,1.0001559108495712,0.0,-11.003941535949707,0.8987743109464645,0.010363790999690536
373,S3_CASE_FEASIBLE,3,-18.600001379199966,-6.200000762939453,-0.006108590750955045,-0.0018122990732081234,0.0007966001285240054,0.4694591984152794,-0.0008422136161243543,0.0,1.0008565187454224,0.0,-11.002198219299316,0.4290379285812378,0.009873999995761551
374,S3_CASE_WAIT,3,-18.600001445700038,-6.200000762939453,-0.008899100008420646,-0.0045655183106037,0.0006980882390053011,0.46826260536909103,-0.0003261566089349799,0.0,1.0003508627414703,-1.9868215517249155e-08,-11.002406120300293,0.8295491188764572,0.010133584000868723
375,S3_CASE_CLOSURE,3,-18.600001333299588,-6.200000762939453,-0.02598957490408793,-0.021897784899920225,0.0012920471635879949,0.47378140687942505,-0.024389286603156535,0.0,1.0258512645959854,-3.973643103449831e-08,-11.00769329071045,4.3117159605026245,0.010300000001734588
376,S3_CASE_FEASIBLE,3,-18.60000090829926,-6.200000762939453,0.023124431143514812,0.022664159381141413,0.01071560347918421,0.48975299298763275,-0.015618384117260575,0.0,1.0161407589912415,0.0,-10.997309684753418,6.090538740158081,0.010333874997741077
377,S3_CASE_WAIT,3,-18.600001962599343,-6.200000762939453,-0.0040556410676799715,-0.00015144547069212422,0.001986264545848826,0.4897328019142151,-0.000351349517586641,0.0,1.0003543198108673,0.0,-10.998784065246582,0.662397176027298,0.010879166999075096
378,S3_CASE_CLOSURE,3,-18.6000014374993,-6.200000762939453,-0.005512534291483462,-0.0013732513107242994,0.0015897408011369407,0.49341535568237305,0.0015180309371007894,0.0,0.9984929114580154,5.960464477539063e-08,-11.003201484680176,0.6610505878925323,0.010448375003761612
379,S3_CASE_FEASIBLE,3,-18.600001037499897,-6.200000286102295,-0.003576445218641311,0.0005726280457265531,0.0017747688834788278,0.5036457851529121,-0.00993724656291306,0.0,1.0102574825286865,-3.973643103449831e-08,-11.009478569030762,0.7509715408086777,0.01020770899776835
380,S3_CASE_WAIT,3,-18.600001537499338,-6.200000762939453,-0.022032644716091454,-0.01911720649028581,0.004467905702767894,0.514939084649086,-0.010894576747281448,0.0,1.0113305747509003,1.9868215517249155e-08,-11.000953674316406,6.060255408287048,0.010079459003463853
381,S3_CASE_CLOSURE,3,-18.60000151670029,-6.200000762939453,-0.014499999582767487,-0.01714566831166664,0.01588998781517148,0.529932513833046,0.015851517518362,0.0,0.9846637696027756,1.0927518445669193e-07,-10.998024940490723,5.537363529205322,0.010560624999925494
382,S3_CASE_FEASIBLE,3,-18.600001320900628,-6.200000762939453,0.009350278996862471,0.0004599839399661576,0.028406481025740504,0.5312945544719696,-0.0005127588956383988,0.0,1.0005190670490265,3.973643103449831e-08,-10.99257755279541,1.7163459956645966,0.010135042000911199
383,S3_CASE_WAIT,3,-18.600001258399423,-6.200000762939453,-3.509456291794777e-06,-0.002752577168092074,0.0161926185246557,0.5347241759300232,0.00028016169138389557,0.0,0.9997253715991974,-3.973643103449831e-08,-11.009257316589355,1.096644565463066,0.009973082997021265
384,S3_CASE_CLOSURE,3,-18.60000132920031,-6.200000762939453,-0.0036317241610959172,-0.003350978009015293,0.010133540257811546,0.5347516238689423,-0.0004409750308695948,0.0,1.0004505515098572,6.208816927255612e-08,-11.01237964630127,1.215439349412918,0.010094708995893598
385,S3_CASE_FEASIBLE,3,-18.600001329199586,-6.200000762939453,0.002866056631319225,0.0029211379199605148,0.010460257530212402,0.5285210162401199,-0.0011149048611205359,0.0,1.001123383641243,0.0,-10.993006706237793,1.1268262416124344,0.010029417004261632
386,S3_CASE_WAIT,3,-18.600001433298893,-6.200000762939453,-0.004614991717971861,-0.0022715811307234546,0.005851265144883655,0.5269043296575546,-0.0005351304935174994,0.0,1.0005396008491516,3.973643103449831e-08,-11.005443572998047,1.037387803196907,0.00992220899934182
387,S3_CASE_CLOSURE,3,-18.600000887499483,-6.200000762939453,-0.02073346497491002,-0.018500567025815595,0.0060665205819532275,0.5266158431768417,0.012807826356342034,0.0,0.98813596367836,0.0,-11.010092735290527,5.213510155677795,0.009966042001906317
388,S3_CASE_FEASIBLE,3,-18.60000172079963,-6.200000762939453,0.005347832106053829,-0.0001784389254071428,0.02185871498659253,0.5403086692094803,0.003000915031103446,0.0,0.9970075935125351,4.967053612858763e-08,-10.99249267578125,1.8142670094966888,0.010305167001206428
389,S3_CASE_WAIT,3,-18.600001295800027,-6.200000762939453,-0.006218503811396658,-0.00317675374875126,0.005020157012040727,0.5551828742027283,0.00234498581266962,0.0,0.9976707249879837,-3.973643103449831e-08,-10.999443054199219,1.3021686673164368,0.010045208000519779
390,S3_CASE_CLOSURE,3,-18.60000168330007,-6.200000762939453,-0.0018057957058772445,0.001560660700002714,0.004640757630113512,0.568683534860611,0.0027169784298166633,0.0,0.9973034858703613,8.44399110633276e-08,-11.011302947998047,1.1819347590208054,0.010713875002693385
391,S3_CASE_FEASIBLE,3,-18.600001308300126,-6.200000762939453,-0.006649911287240684,-0.0039413688694667215,0.005986853037029505,0.5701968967914581,0.0033998390014549074,0.0,0.9966605007648468,3.973643103449831e-08,-10.998062133789062,4.288126707077026,0.010904583999945316
392,S3_CASE_WAIT,3,-18.60000175840032,-6.200000762939453,-0.004330602881964296,-0.002204497684336282,0.006857275380752981,0.5554742962121964,-0.003399531065952033,0.0,1.0034164786338806,-3.973643103449831e-08,-11.002403259277344,0.8044883459806442,0.010692374999052845
393,S3_CASE_CLOSURE,3,-18.600001766700007,-6.200000762939453,-0.023583115253131837,-0.02035320418265929,0.004408078384585679,0.543395146727562,0.01662172912620008,0.0,0.9840993881225586,-3.973643103449831e-08,-11.011580467224121,4.564078092575073,0.01043033300084062
394,S3_CASE_FEASIBLE,3,-18.60000090829999,-6.200000762939453,-0.020073337596841156,-0.01729749942508807,0.004875011567492038,0.5213344097137451,0.00992012012284249,0.0,0.9904902279376984,3.973643103449831e-08,-11.005828857421875,5.104198932647705,0.010621208006341476
395,S3_CASE_WAIT,3,-18.60000165409947,-6.200000762939453,-0.002638179692439735,0.00014350066824864172,0.0042604675982147455,0.49119142442941666,-0.0040128231048583984,0.0,1.0040248930454254,3.973643103449831e-08,-11.006794929504395,0.8393838852643967,0.010716832999605685
396,S3_CASE_CLOSURE,3,-18.600001316599084,-6.200000762939453,-0.005848048545885831,-0.002737651210433789,0.0033243090147152543,0.4772551953792572,-0.0005410909652709961,0.0,1.0005481541156769,1.9868215517249155e-08,-10.998851776123047,0.9806101620197296,0.010170125002332497
397,S3_CASE_FEASIBLE,3,-18.600001229200277,-6.200000762939453,-0.01318286097375676,-0.009884108866875074,0.00305966311134398,0.4828583896160126,-0.013313710340298712,0.0,1.0138427913188934,-3.973643103449831e-08,-11.005810737609863,3.3718629479408264,0.010579166999377776
398,S3_CASE_WAIT,3,-18.60000150839987,-6.200000762939453,-0.003962888615205884,-0.0005385875835290932,0.0031614713952876627,0.5005036890506744,0.003284315326405718,0.0,0.9967375099658966,-3.973643103449831e-08,-11.003349304199219,0.7155771702528,0.01017837499966845
399,S3_CASE_CLOSURE,3,-18.600001354200504,-6.200000762939453,-0.006196447066031396,-0.0021700263023376465,0.0021642720967065543,0.5108557045459747,0.002636790304677561,0.0,0.997374027967453,0.0,-11.000435829162598,1.0068325102329254,0.010227250000752974
400,S3_CASE_FEASIBLE,3,-18.60000182500007,-6.200000762939453,-0.00677156331948936,-0.0022058536609015356,0.0013981646043248475,0.5264792293310165,0.01014606144356911,0.0,0.9900569170713425,-3.973643103449831e-08,-11.007678985595703,4.1554471254348755,0.010433291005028877
401,S3_CASE_WAIT,3,-18.60000134169968,-6.200000762939453,-0.002747280115727335,-7.5648349593393505e-06,0.005088769306894392,0.528410017490387,0.0005129178389324807,0.0,0.9994878619909286,-5.960464477539063e-08,-10.999890327453613,0.9357223510742188,0.010442958999192342
402,S3_CASE_CLOSURE,3,-18.600001687499752,-6.200000762939453,-0.0023236830602400005,-0.0007546295722322682,0.007490878691896796,0.5314492881298065,-0.0001963178383448394,0.0,1.0001977980136871,-3.973643103449831e-08,-11.009438514709473,1.135607749223709,0.010734791998402216
403,S3_CASE_FEASIBLE,3,-18.600001437500033,-6.200000762939453,-0.012299746449571103,-0.00878125694968368,0.003517237724736333,0.5277108252048492,-0.007810374198015779,0.0,1.007981151342392,-5.960464477539063e-08,-11.009234428405762,4.644840359687805,0.010235499998088926
404,S3_CASE_WAIT,3,-18.600001379199238,-6.200000762939453,-0.02824518014676869,-0.031007825707395575,0.016280116396956146,0.5377412438392639,-0.022318959003314376,0.0,1.0236872732639313,3.973643103449831e-08,-11.00468921661377,6.122196078300476,0.011090708001574967
405,S3_CASE_CLOSURE,3,-18.60000141260025,-6.200000762939453,0.01792256161570549,0.0015579760171622326,0.04390197992324829,0.5586404204368591,0.0032015840406529605,0.0,0.9968102276325226,7.947286206899662e-08,-11.011717796325684,2.064592868089676,0.010258959002385382
406,S3_CASE_FEASIBLE,3,-18.60000150419946,-6.200000762939453,-0.0008786297403275967,-0.00351483132302155,0.01655651372857392,0.5642055571079254,0.0005271434711175971,0.0,0.9994821697473526,0.0,-11.002053260803223,1.0822529196739197,0.010309583994967397
407,S3_CASE_WAIT,3,-18.600002300000778,-6.200000762939453,-0.014752335613593459,-0.023466263044004343,0.02869800920598209,0.563507691025734,0.020938098508242575,0.0,0.9801954627037048,0.0,-10.995330810546875,4.609477639198303,0.010505416001251433
408,S3_CASE_CLOSURE,3,-18.60000127510066,-6.200000762939453,0.028749392367899418,0.00045522054764113307,0.06770667526870966,0.5559166222810745,-0.0014317433330379714,0.0,1.0014352053403854,-1.9868215517249155e-08,-10.997056007385254,1.81780806183815,0.01029562499752501
409,S3_CASE_FEASIBLE,3,-18.600001587500444,-6.200000762939453,0.009847307461313903,-0.0011001952710407714,0.03302320744842291,0.5564101040363312,0.00041582186031519086,0.0,0.9995853155851364,-3.973643103449831e-08,-11.010684967041016,1.1018929481506348,0.010199791999184527
410,S3_CASE_WAIT,3,-18.600001303999306,-6.200000762939453,-0.00019326340407133102,-0.0005639443637237562,0.011910200933925807,0.5584419667720795,-0.00031415621197083965,0.0,1.000316470861435,-3.973643103449831e-08,-11.011653900146484,1.3038370311260223,0.009810666997509543
411,S3_CASE_CLOSURE,3,-18.6000011832999,-6.200000762939453,-0.01927333138883114,-0.025838956314449657,0.02396824862807989,0.5418499410152435,0.016685515098894932,0.0,0.9841487407684326,0.0,-10.996277809143066,5.063527822494507,0.010576332999335136
412,S3_CASE_FEASIBLE,3,-18.600001416599113,-6.200000762939453,-0.00023926119320094585,0.002179839958746932,0.0053855059668421745,0.5111854374408722,-0.0057011247457321446,0.0,1.005742758512497,-3.973643103449831e-08,-11.002189636230469,0.7795136123895645,0.010165167004743125
413,S3_CASE_WAIT,3,-18.60000152079956,-6.200000762939453,-0.014275575056672096,-0.01501209983447005,0.011350332468282431,0.49386419355869293,-0.01691023539751768,0.0,1.0175063610076904,8.44399110633276e-08,-11.000870704650879,4.818328022956848,0.010139250000065658
414,S3_CASE_CLOSURE,3,-18.6000008959003,-6.200000762939453,-0.01469454332254827,-0.030584265322734616,0.041580868884921074,0.49007130414247513,0.028694013909747795,0.0,0.9728189557790756,-1.9868215517249155e-08,-10.997990608215332,4.8527610301971436,0.010168916000111494
415,S3_CASE_FEASIBLE,3,-18.60000089170062,-6.200000762939453,0.03185504302382469,0.0017466247372794896,0.06998629868030548,0.488473117351532,-0.000860095038660802,0.0,1.000866860151291,-1.4901161193847656e-08,-10.991995811462402,2.332387149333954,0.010277790999680292
416,S3_CASE_WAIT,3,-18.60000129160035,-6.200000762939453,0.0033241078490391374,-0.0009239663607636395,0.018378781620413065,0.4941316470503807,0.0010114312171936035,0.0,0.9989905804395676,1.9868215517249155e-08,-10.99982738494873,0.980230987071991,0.01012704200547887
417,S3_CASE_CLOSURE,3,-18.600001424999938,-6.200000762939453,-0.010722211794927716,-0.022280861856415868,0.03327218280173838,0.5077441483736038,-0.028463661205023527,0.0833333358168602,1.030771255493164,1.9868215517249155e-08,-11.012480735778809,2.804302364587784,0.01031666700146161
418,S3_CASE_FEASIBLE,3,-18.600001450000853,-6.200000762939453,0.029872214421629906,0.0001712739613140002,0.06986896228045225,0.5233539789915085,0.0016389091300261782,0.0,0.998370885848999,9.934107758624577e-09,-11.012321472167969,2.5703717470169067,0.009860625003057066
419,S3_CASE_WAIT,3,-18.600001283399614,-6.200000762939453,0.007572645496111363,-0.0012059782748110592,0.02798424265347421,0.521349772810936,-0.0008427898307381554,0.0,1.0008460581302643,-7.947286206899662e-08,-11.000885963439941,1.0040005594491959,0.01032087500061607
420,S3_CASE_CLOSURE,3,-18.60000169160121,-6.200000762939453,0.0007164242560975254,0.00023208060883916914,0.011314813629724085,0.517306312918663,4.303455231458031e-05,0.0,0.9999575018882751,0.0,-10.999576568603516,1.132624328136444,0.010551333994953893
421,S3_CASE_FEASIBLE,3,-18.600000958299642,-6.200000286102295,0.0094640355091542,0.0018563220316232254,0.025634735822677612,0.5209654420614243,-0.0012329817254794762,0.0,1.0012423247098923,0.0,-11.008247375488281,6.068826079368591,0.009903584003041033
422,S3_CASE_WAIT,3,-18.600001799999152,-6.200000762939453,0.0013833041302859783,-0.0036787192220799625,0.020355465356260538,0.5115709602832794,0.009896834846585989,0.0,0.9904271811246872,0.0,-11.012999534606934,1.5109582841396332,0.009893750000628643
423,S3_CASE_CLOSURE,3,-18.600001374899147,-6.200000762939453,-0.005045072641223669,-0.0008660281940440218,0.0015418699331348762,0.49499795585870743,-0.00307281812032123,0.0,1.0030816197395325,0.0,-11.007990837097168,0.6865362375974655,0.01043329200183507
424,S3_CASE_FEASIBLE,3,-18.60000129589971,-6.200000762939453,-0.002640571561641991,0.0005050400989894399,0.0031898809247650206,0.4740552231669426,-0.003050406832093344,0.0,1.0030595362186432,3.973643103449831e-08,-11.005523681640625,0.6115679293870926,0.010023750000982545
425,S3_CASE_WAIT,3,-18.600002012600452,-6.200000762939453,-0.003215210745111108,-5.483624893720673e-06,0.0028349106723908335,0.46271825581789017,-0.000779449925175868,0.0,1.000779926776886,-3.973643103449831e-08,-10.99872875213623,0.8478861600160599,0.010444125000503846
426,S3_CASE_CLOSURE,3,-18.600001320799493,-6.200000762939453,-0.0038713786634616554,-0.0008438179817553682,0.003205749992048368,0.46304359287023544,0.0040326316957362,0.0,0.9959971755743027,0.0,-11.003303527832031,0.5820953771471977,0.010316166997654364
427,S3_CASE_FEASIBLE,3,-18.60000154579975,-6.200000762939453,-0.004871517070569098,-0.0009743192761861863,0.0014444586904573953,0.46194274723529816,-0.0007604559250466991,0.0,1.000762164592743,-3.973643103449831e-08,-11.009578704833984,0.8453177213668823,0.010528582999540959
428,S3_CASE_WAIT,3,-18.600001454201266,-6.200000762939453,-0.0029470231384038925,0.0012019177374895662,0.0007990244848770089,0.4548453241586685,-0.000905493890362763,0.0,1.0009071826934814,3.973643103449831e-08,-11.002666473388672,0.829573392868042,0.010360624997701962
429,S3_CASE_CLOSURE,3,-18.600001395800064,-6.200000762939453,-0.006334176519885659,-0.0021966248653670917,0.0009005592146422714,0.4587831273674965,0.001786947250366211,0.0,0.9982217401266098,-3.973643103449831e-08,-11.002243041992188,0.7333463132381439,0.010116791003383696
430,S3_CASE_FEASIBLE,3,-18.60000129580003,-6.200000762939453,-0.006149370456114411,-0.0020729992441665956,0.0013406168145593256,0.4746679812669754,0.0038433274215403657,0.0,0.9961830228567123,0.0,-11.00149154663086,0.515827864408493,0.009944083998561837
431,S3_CASE_WAIT,3,-18.600001966600395,-6.200000762939453,-0.01086135534569621,-0.006409791453430458,0.0009598460892448202,0.49314869195222855,0.010178566017808421,0.0,0.9899957925081253,0.0,-11.001627922058105,1.3840640485286713,0.01048270799947204
432,S3_CASE_CLOSURE,3,-18.600001920800423,-6.200000762939453,-0.012465890613384545,-0.008093955393025709,0.0012994503194931895,0.5021660104393959,-0.0034206111267849337,0.0,1.0035227984189987,0.0,-11.001763343811035,6.042670011520386,0.010553250001976267
433,S3_CASE_FEASIBLE,3,-18.60000127080057,-6.200000762939453,-0.0065295129315927625,-0.0018356938720289762,0.0009140897745965049,0.5150864124298096,0.00431460136314854,0.0,0.9957105666399002,-4.967053612858763e-08,-11.001361846923828,0.9567070305347443,0.010069750002003275
434,S3_CASE_WAIT,3,-18.600000499999442,-6.200000286102295,-0.03524752671364695,-0.03049997969840934,0.0012828934704884887,0.5388992875814438,-0.04265355054910014,0.0,1.0449345707893372,-3.476937493473997e-08,-11.004435539245605,5.320745825767517,0.010147540997422766
435,S3_CASE_CLOSURE,3,-18.600001408200477,-6.200000762939453,-0.031974846380762756,-0.02702031866647303,0.00153572580893524,0.572239026427269,-0.006518085632706061,0.0,1.0071757435798645,-1.5894572413799324e-07,-11.001362800598145,6.461931347846985,0.010165833999053575
436,S3_CASE_FEASIBLE,3,-18.60000143329962,-6.200000762939453,-0.005809694761410356,-0.0013135423044636774,0.0031262831180356443,0.6059294193983078,0.01187503372784704,0.0,0.9883153736591339,1.9868215517249155e-08,-11.004188537597656,0.7770457416772842,0.010206334001850337
437,S3_CASE_WAIT,3,-18.600000904100305,-6.200000762939453,0.006087129004299641,0.01038213594195625,0.003946160577470437,0.626808688044548,-0.005055159446783364,0.0,1.0051452368497849,0.0,-10.99930191040039,4.512820363044739,0.009739249995618593
438,S3_CASE_CLOSURE,3,-18.60000130000044,-6.200000762939453,-0.022700064349919558,-0.017494529679728643,0.0021795804786961526,0.6295324712991714,-0.014485021471045911,0.0,1.0149306654930115,5.960464477539063e-08,-11.004074096679688,6.351104021072388,0.01017870899522677
439,S3_CASE_FEASIBLE,3,-18.600000445800106,-6.200000286102295,-0.014973087818361819,-0.010171736163707479,0.0032267138303723186,0.64147087931633,-0.010832428893385426,0.0,1.0110564827919006,-3.973643103449831e-08,-11.009868621826172,2.5332618951797485,0.009917249997670297
440,S3_CASE_WAIT,3,-18.60000127489984,-6.200000762939453,-0.010449359891936183,-0.010478495426165524,0.01330973906442523,0.6625733971595764,0.013227919582277536,0.0,0.9870398789644241,0.0,-10.999778747558594,1.361063927412033,0.009978833004424814
441,S3_CASE_CLOSURE,3,-18.60000093330018,-6.200000286102295,-0.024750848300755024,-0.0293714387031887,0.022925660479813814,0.6842239648103714,-0.0013979176607490373,0.0,1.0022330731153488,3.973643103449831e-08,-10.993510246276855,5.883261203765869,0.009754833001352381
442,S3_CASE_FEASIBLE,3,-18.600000950100366,-6.200000286102295,-0.041290120454505086,-0.0456905260992535,0.022918834816664457,0.7059012055397034,-0.009342163529558078,0.0,1.0117125511169434,-3.973643103449831e-08,-10.993979454040527,5.760881423950195,0.010490375003428198
443,S3_CASE_WAIT,3,-18.600001037599576,-6.200000762939453,0.01168139767833054,0.012244954860459956,0.013316086900886148,0.7221600711345673,-0.0018694798539709012,0.0,1.0020468831062317,-3.973643103449831e-08,-10.991568565368652,3.218997538089752,0.010056541999801993
444,S3_CASE_CLOSURE,3,-18.600001216800592,-6.200000762939453,-0.007309409906156361,-0.005490596037513118,0.010952380514936522,0.7295004278421402,-0.0010332266392651945,0.0,1.0010645985603333,-1.9868215517249155e-08,-11.005680084228516,1.2369069755077362,0.010216458002105355
445,S3_CASE_FEASIBLE,3,-18.600001029100532,-6.200000762939453,-0.017198423156514764,-0.02048446276845972,0.021178389433771372,0.7303155064582825,0.01597507755892913,0.0,0.9846314787864685,-3.973643103449831e-08,-11.014620780944824,4.275850594043732,0.010588125005597249
446,S3_CASE_WAIT,3,-18.60000089170062,-6.200000762939453,-0.016549638472497463,-0.04570775649820824,0.07272327691316605,0.7203520089387894,0.022034545506659953,0.0,0.9801590740680695,-3.973643103449831e-08,-10.997512817382812,4.797381162643433,0.010056292005174328
447,S3_CASE_CLOSURE,3,-18.600001275000253,-6.200000762939453,0.06703901290893555,-0.004313768799571349,0.15689896419644356,0.7096700072288513,-0.012073536675114127,0.0,1.0123831927776337,5.898376453927767e-09,-10.977783203125,8.175110816955566,0.01009383299970068
448,S3_CASE_FEASIBLE,3,-18.600001366799553,-6.200000762939453,0.037981807719916105,0.0042544851700467845,0.0816388688981533,0.7092111706733704,-0.006317039291994675,0.0,1.0063714236021042,-2.359350581571107e-08,-10.981216430664062,2.6503838896751404,0.010377667000284418
449,S3_CASE_WAIT,3,-18.600001087500278,-6.200000762939453,-0.0046633240999653935,-0.012765337984699698,0.03041288536041975,0.710442915558815,0.007125556391354593,0.0,0.9930836409330368,-1.9868215517249155e-08,-11.007282257080078,5.2658209800720215,0.010134957999980543
450,S3_CASE_CLOSURE,3,-18.600000916699354,-6.200000762939453,-0.006668196292594075,-0.012482735173156012,0.025675970362499356,0.7023445814847946,-0.004536887048743665,0.0,1.0047132968902588,3.973643103449831e-08,-11.021424293518066,3.3837093710899353,0.010058667001430877
451,S3_CASE_FEASIBLE,3,-18.600001433199942,-6.200000762939453,-0.0007058789487928152,0.002620561048388481,0.00716957007534802,0.691122516989708,0.016769111078854593,0.0,0.9836277961730957,-9.934107758624577e-09,-11.00723934173584,2.0084819197654724,0.010649958996509667
452,S3_CASE_WAIT,3,-18.60000064170017,-6.200000286102295,-0.003446390968747437,-0.0025676365488227493,0.011987801408395171,0.6872655153274536,-0.0023421247606165707,0.0,1.0023691058158875,0.0,-10.994904518127441,2.085093170404434,0.010510416999750305
453,S3_CASE_CLOSURE,3,-18.600000525000357,-6.200000286102295,-0.019102916005067527,-0.014991278061643243,0.0055328696325886995,0.6878072917461395,-0.01526230534849038,0.0,1.0158263146877289,0.0,-11.0025634765625,1.7026525139808655,0.010030582998297177
454,S3_CASE_FEASIBLE,3,-18.60000187090045,-6.200000762939453,-0.0037768890615552664,-0.020219053607434034,0.04659090144559741,0.6853286176919937,0.00459901503442417,0.0,0.9957565367221832,-3.973643103449831e-08,-11.006739616394043,4.584714889526367,0.010352499994041864
455,S3_CASE_WAIT,3,-18.600001337500725,-6.200000762939453,0.01698758511338383,-0.019342601764947176,0.08630809374153614,0.6823859810829163,0.007238825123446091,0.0,0.9931192696094513,0.0,-11.009933471679688,4.051815629005432,0.010229416002403013
456,S3_CASE_CLOSURE,3,-18.60000115840012,-6.200000286102295,0.04899351019412279,0.017879941655943754,0.07569248043000698,0.67326720058918,0.0023501615214627236,0.0,0.9978957325220108,0.0,-11.007658958435059,6.288840174674988,0.010404082997411024
457,S3_CASE_FEASIBLE,3,-18.600001716600673,-6.200000762939453,0.011208172887563705,-0.0009921689822167679,0.037930666003376245,0.6764991730451584,-0.0060804882862912635,0.0,1.0061256289482117,-3.973643103449831e-08,-11.00833511352539,1.8408544659614563,0.010269999998854473
458,S3_CASE_WAIT,3,-18.60000050410017,-6.200000286102295,-0.008629711112007499,-0.005523740061715188,0.007506896217819303,0.6859419494867325,0.00986119099737337,0.0,0.9903019219636917,-3.973643103449831e-08,-11.00972843170166,1.535793125629425,0.009862541999609675
459,S3_CASE_CLOSURE,3,-18.600000795900268,-6.200000286102295,0.008002829505130649,0.006055705288114943,0.017810221877880394,0.6957986950874329,0.005228867133458159,0.0,0.994816392660141,1.9868215517249155e-08,-11.004966735839844,2.762086868286133,0.010091000003740191
460,S3_CASE_FEASIBLE,3,-18.60000052089963,-6.200000286102295,-0.005175467231310904,-0.009174590387071024,0.0218957990873605,0.6948776692152023,-0.009057541804699198,0.0,1.0092426538467407,-3.973643103449831e-08,-10.99661636352539,1.9872031211853027,0.010140999998839106
461,S3_CASE_WAIT,3,-18.600001033300213,-6.200000762939453,-0.006428557680919766,-0.0019421415454417001,0.0048386771231889725,0.6905754804611206,0.00650260849700679,0.0,0.9935530871152878,-3.973643103449831e-08,-10.999505043029785,2.0673255920410156,0.01027583299583057
462,S3_CASE_CLOSURE,3,-18.600000958299642,-6.200000762939453,0.005832313559949398,-0.0010743836658848593,0.0276459576562047,0.6916282027959824,0.003390808909898624,0.0,0.9966321438550949,-3.973643103449831e-08,-11.01146411895752,4.071382164955139,0.009988292003981769
463,S3_CASE_FEASIBLE,3,-18.600000575000013,-6.200000286102295,0.004579022875986993,-7.36167179020697e-05,0.02301322086714208,0.6853971034288406,-0.004671076933542295,0.0,1.0046929568052292,3.973643103449831e-08,-11.010573387145996,1.6978658139705658,0.010118707999936305
464,S3_CASE_WAIT,3,-18.600000474999977,-6.200000286102295,-0.017404988990165293,-0.01215291019373943,0.0033050504644052126,0.6904604434967041,0.0046062667582482675,0.0,0.995641753077507,3.973643103449831e-08,-11.003597259521484,2.0636490881443024,0.01008775000082096
465,S3_CASE_CLOSURE,3,-18.600000487500072,-6.200000286102295,0.014332891325466335,0.006948366722402177,0.028875582851469517,0.7053267061710358,0.006698042348337374,0.0,0.9933664351701736,0.0,-11.005280494689941,2.8265241980552673,0.010393458003818523
466,S3_CASE_FEASIBLE,3,-18.600000799999542,-6.200000286102295,-0.007792430929839611,-0.010605374894415931,0.019733615452423692,0.7053864002227783,-0.010349204259304301,0.0,1.0105671286582947,-3.973643103449831e-08,-11.002535820007324,2.434993326663971,0.010312667000107467
467,S3_CASE_WAIT,3,-18.600000558300234,-6.200000286102295,-0.007078025839291513,-0.0031211499978480717,0.006031898548826575,0.6972825229167938,-0.007368723473822669,0.0,1.007498949766159,0.0,-10.997435569763184,1.2000608146190643,0.010203667006862815
468,S3_CASE_CLOSURE,3,-18.600000991699925,-6.200000762939453,0.0004083657404407859,-0.007163219755360828,0.029027354437857866,0.6942092031240463,0.005418052178962185,0.0,0.9946695417165756,-3.973643103449831e-08,-11.008431434631348,4.315871238708496,0.01022841699887067
469,S3_CASE_FEASIBLE,3,-18.600001283400342,-6.200000762939453,0.00984635145869106,-0.0033434759825468063,0.04004329536110163,0.6831820607185364,0.012534995640938185,0.0,0.9876556396484375,-3.973643103449831e-08,-11.01142406463623,1.9442672431468964,0.00990750000346452
470,S3_CASE_WAIT,3,-18.60000102080012,-6.200000286102295,-0.0030123009346425533,-0.008442406988857343,0.024496919941157103,0.6818354278802872,-0.00452457853437771,0.0,1.0046210289001465,3.973643103449831e-08,-11.005630493164062,5.701154470443726,0.01065395799378166
471,S3_CASE_CLOSURE,3,-18.60000068329973,-6.200000286102295,-0.010420001461170614,-0.0063747341628186405,0.005843120452482253,0.6966827362775803,0.0144511457377412,0.0,0.9858252257108688,0.0,-11.005030632019043,1.546955943107605,0.010499667005205993
472,S3_CASE_FEASIBLE,3,-18.60000082089973,-6.200000286102295,0.00478670175652951,0.007814644641863211,0.008207737118937075,0.7131811529397964,0.009013732429593801,0.0,0.9910859316587448,7.947286206899662e-08,-11.00794506072998,2.6497329473495483,0.010361583001213148
473,S3_CASE_WAIT,3,-18.600001524999243,-6.200000762939453,-0.00017506664153188467,-0.0019514079661648864,0.017844183836132288,0.7145750969648361,0.004706213735819809,0.0,0.9953212291002274,0.0,-11.000933647155762,1.8661781251430511,0.010038000000349712
474,S3_CASE_CLOSURE,3,-18.600001104200054,-6.200000762939453,-0.007698118803091347,-0.00588316963209401,0.010657192789949477,0.7143545746803284,-0.009598682479312615,0.0,1.0097494721412659,0.0,-10.998885154724121,4.374794602394104,0.010132791998330504
475,S3_CASE_FEASIBLE,3,-18.600000833300147,-6.200000762939453,-0.02308605203870684,-0.019771293193722173,0.00784466927871108,0.7237093150615692,-0.004130721111626379,0.0,1.0044578313827515,-3.973643103449831e-08,-11.0068359375,4.280440330505371,0.010037665997515433
476,S3_CASE_WAIT,3,-18.60000093330018,-6.200000286102295,-0.007688966346904635,-0.003266185531781929,0.005823099592817016,0.7334330826997757,-0.0019422472105361521,0.0,1.0023869574069977,-1.9868215517249155e-08,-11.013140678405762,1.3726398348808289,0.010173542003030889
477,S3_CASE_CLOSURE,3,-18.600001541699747,-6.200000762939453,0.0030287476256489754,0.003997368194783135,0.01282805361552164,0.7382647395133972,0.0022515257878694683,0.0,0.9977707862854004,7.947286206899662e-08,-11.001629829406738,3.2817808389663696,0.010579458001302555
478,S3_CASE_FEASIBLE,3,-18.600001320799493,-6.200000762939453,-0.000573563389480114,-0.004915754116762372,0.023483040276914835,0.7399329394102097,0.007216791583536164,0.0,0.9928482174873352,2.9802322387695312e-08,-10.993263244628906,2.5112589597702026,0.009905624996463303
479,S3_CASE_WAIT,3,-18.600000550000548,-6.200000286102295,-0.0027170536341145635,-0.0011234506576638381,0.011647290084511042,0.741724818944931,-0.008540789247490466,0.0,1.0086265802383423,-7.947286206899662e-08,-11.001651763916016,2.517222285270691,0.010378667000622954
480,S3_CASE_CLOSURE,3,-18.600000533399726,-6.200000286102295,-0.008932756842114031,-0.005798008234705776,0.008746473293285817,0.7507985383272171,-0.0027312933430039266,0.0,1.0027698129415512,0.0,-11.013150215148926,1.903006374835968,0.009878000004391652
481,S3_CASE_FEASIBLE,3,-18.600000508299853,-6.200000286102295,-0.009053091867826879,-0.0072956533016013125,0.011554357595741749,0.7534617632627487,-0.014413545684267781,0.0,1.014736384153366,0.0,-11.003506660461426,2.267403542995453,0.01064050000422867
482,S3_CASE_WAIT,3,-18.600001066699768,-6.200000286102295,-0.002798033063299954,6.773570688300978e-05,0.009275723408791237,0.7503630667924881,-0.00896187627222389,0.0,1.009097307920456,0.0,-10.99306583404541,1.4498558044433594,0.011547916998097207
483,S3_CASE_CLOSURE,3,-18.60000068340014,-6.200000286102295,-0.001986533752642572,0.001415848731994629,0.008191426750272512,0.749809592962265,-0.0013538598868763074,0.0,1.0013591051101685,0.0,-11.00842571258545,1.2552945017814636,0.010191249995841645
484,S3_CASE_FEASIBLE,3,-18.60000157079921,-6.200000762939453,-0.00818703172262758,-0.0016399274682044052,0.001955513042048551,0.7524860948324203,-0.003951927064917982,0.0,1.0039877593517303,-3.973643103449831e-08,-11.009003639221191,2.9684388637542725,0.0102293749951059
485,S3_CASE_WAIT,3,-18.600001358400185,-6.200000762939453,-0.002456461195833981,0.004115571617148817,0.002071822324069217,0.7607944309711456,-9.745359420776367e-05,0.0,1.000110074877739,-5.960464477539062e-07,-11.002086639404297,5.183935523033142,0.010552667001320515
486,S3_CASE_CLOSURE,3,-18.60000070410024,-6.200000286102295,-0.007144266273826361,-0.0010054484167385525,0.0029407035654003266,0.7609169781208038,0.00015725691870649428,0.0,0.9998456388711929,3.973643103449831e-08,-10.997596740722656,1.6296038031578064,0.010248500002489891
487,S3_CASE_FEASIBLE,3,-18.6000008832998,-6.200000286102295,-0.03259405947756022,-0.02787793319051346,0.005793049902422354,0.7612651735544205,0.01006442285142839,0.0,0.9906724542379379,-3.973643103449831e-08,-11.006319999694824,5.705270409584045,0.00978545899852179
488,S3_CASE_WAIT,3,-18.60000068340014,-6.200000286102295,-0.021493005799129605,-0.021592331351712346,0.015252427663654089,0.7526888102293015,0.03659600003932795,0.0,0.9653435200452805,0.0,-11.015148162841797,3.7618605494499207,0.01041912499931641
489,S3_CASE_CLOSURE,3,-18.600000995799203,-6.200000286102295,-0.017753866617567837,-0.013707337086088955,0.006601069704629481,0.7347064465284348,-0.0030254919741601327,0.0,1.003194883465767,0.0,-11.010501861572266,5.290312051773071,0.010227917002339382
490,S3_CASE_FEASIBLE,3,-18.600001033299485,-6.200000762939453,-0.008197046699933708,-0.002434199064737186,0.00294682702224236,0.7236261069774628,-0.002008597036669002,0.0,1.0021384358406067,0.0,-11.004223823547363,1.07486030459404,0.010164084000280127
491,S3_CASE_WAIT,3,-18.600000554200232,-6.200000286102295,-0.004848997690714896,0.001416265993611887,0.0017374337949149776,0.7133980840444565,0.0016596714849583805,0.0,0.9983559250831604,0.0,-11.003493309020996,1.352918416261673,0.010630583004967775
492,S3_CASE_CLOSURE,3,-18.600000895799166,-6.200000762939453,-0.007818967569619417,-0.002669254924208886,0.0038766528014093637,0.7088039070367813,-0.002785861501857667,0.0,1.0028161853551865,9.934107758624577e-09,-11.004467010498047,2.050453543663025,0.010012124999775551
493,S3_CASE_FEASIBLE,3,-18.60000097500015,-6.200000762939453,-0.02160408697091043,-0.01703310532805835,0.005009621265344322,0.7075793296098709,-0.002107580512529239,0.0,1.0023812055587769,1.9868215517249155e-08,-11.005119323730469,3.878212809562683,0.0103154589960468
494,S3_CASE_WAIT,3,-18.600001508300192,-6.200000762939453,-0.0068535772152245045,-0.0026271306463359068,0.00561831658706069,0.7035605013370514,-0.014626800936337503,0.0,1.0148723721504211,-7.947286206899662e-08,-11.007073402404785,1.4258291721343994,0.011306540996883996
495,S3_CASE_CLOSURE,3,-18.600001333300316,-6.200000762939453,-0.0026809865375980735,-0.001050889455655124,0.010685324901714921,0.6972759515047073,0.004016409220639616,0.0,0.9960034638643265,0.0,-10.999622344970703,4.697564244270325,0.010585333002381958
496,S3_CASE_FEASIBLE,3,-18.600000700000237,-6.200000286102295,-0.0014288034290075302,-2.222633338533342e-05,0.011085340956924483,0.6949247717857361,0.0008742313175389427,0.0,0.9991335272789001,0.0,-10.991990089416504,2.2940528988838196,0.010964791996229906
497,S3_CASE_WAIT,3,-18.600000845800242,-6.200000286102295,-0.003907849779352546,0.0005009323115992004,0.005052377193351276,0.6934970915317535,0.004554440461409293,0.0,0.9954704493284225,0.0,-11.005372047424316,1.8945774137973785,0.010547333004069515
498,S3_CASE_CLOSURE,3,-18.600001500100188,-6.200000762939453,-0.027086126850917935,-0.021169009540852102,0.002073497300443705,0.6953866332769394,-0.0138529738954567,0.0,1.0145132690668106,0.0,-11.010071754455566,4.846333980560303,0.010275125001498964
499,S3_CASE_FEASIBLE,3,-18.600000866699702,-6.200000286102295,-0.013993324129842222,-0.014590750215575099,0.015250750351697206,0.7027949243783951,0.0027019281405955553,0.0,0.9975824803113937,0.0,-10.998244285583496,4.230543255805969,0.009828999995079357
500,S3_CASE_WAIT,3,-18.600000441700104,-6.200000286102295,0.003673000494018197,0.0015109032489526442,0.018528545799199492,0.7102175354957581,-0.00611554594555308,0.0,1.0061562657356262,0.0,-10.98865795135498,2.1048631072044373,0.01022545799787622
501,S3_CASE_CLOSURE,3,-18.600001100000373,-6.200000762939453,-0.003502133535221219,-0.002000942860226118,0.01133040920831263,0.7166395336389542,0.002432366251014173,0.0,0.9976378679275513,3.476937493473997e-08,-11.006348609924316,1.932573676109314,0.010866208998777438
502,S3_CASE_FEASIBLE,3,-18.600001199999678,-6.200000762939453,-0.003733855555765331,-0.0011007779539795592,0.009102331547182985,0.7184243500232697,-0.0011014342089765705,0.0,1.001106858253479,0.0,-11.01634693145752,2.6224117279052734,0.010677958998712711
503,S3_CASE_WAIT,3,-18.600001437500033,-6.200000762939453,-0.009774850099347532,-0.009340142171519794,0.01350975368404761,0.7189584970474243,0.015456458320841193,0.0,0.9848481267690659,1.9868215517249155e-08,-11.000203132629395,2.72548371553421,0.010239541996270418
504,S3_CASE_CLOSURE,3,-18.600001083300594,-6.200000762939453,8.267571683973074e-05,0.0012764446194815093,0.012013424568067421,0.7200481295585632,0.0009631713134403697,0.0,0.9990679770708084,0.0,-10.990013122558594,1.8492586314678192,0.010199999996984843
505,S3_CASE_FEASIBLE,3,-18.600000987499516,-6.200000286102295,-0.005780979408882558,-0.010015956863450803,0.02295040531316772,0.7240225374698639,-0.0015577375888824463,0.0,1.0018020570278168,3.973643103449831e-08,-11.009505271911621,3.4650508165359497,0.010260041999572422
506,S3_CASE_WAIT,3,-18.60000097500015,-6.200000762939453,0.011862252256833017,0.0019197950896341354,0.03439101134426892,0.7253048866987228,0.0002638101571701412,0.0,0.9997450262308121,-3.973643103449831e-08,-11.023987770080566,2.8260570764541626,0.01001774999895133
507,S3_CASE_CLOSURE,3,-18.60000093750059,-6.200000762939453,-0.018248497624881566,-0.016489372045422446,0.01091034954879433,0.7214300334453583,0.0050464869806710055,0.0,0.9952120780944824,3.973643103449831e-08,-11.00772476196289,4.78037703037262,0.010009707999415696
508,S3_CASE_FEASIBLE,3,-18.600001395799335,-6.200000762939453,0.003003944526426494,-0.014208586343253948,0.048706019297242165,0.7140479534864426,0.018032679799944162,0.0,0.9823807924985886,-3.973643103449831e-08,-10.98603343963623,3.4855211973190308,0.010196000002906658
509,S3_CASE_WAIT,3,-18.600001379199966,-6.200000762939453,-0.012401955551467836,-0.014408730203285813,0.018160465988330543,0.7073458880186081,0.021120449295267463,0.0,0.9794392585754395,0.0,-10.987603187561035,3.123473286628723,0.010173916001804173
510,S3_CASE_CLOSURE,3,-18.600000929200178,-6.200000762939453,0.006856019725091755,0.009863903047516942,0.00798143184510991,0.6998599469661713,0.0009453396002445658,0.0,0.9991592764854431,1.9868215517249155e-08,-11.003437042236328,3.4987915754318237,0.010377582999353763
511,S3_CASE_FEASIBLE,3,-18.60000059579979,-6.200000286102295,-0.005757030914537609,-0.006368557670308306,0.015122508048079908,0.6949727386236191,-0.008327166220018611,0.0,1.0084280669689178,4.967053612858763e-08,-11.015292167663574,3.064777433872223,0.010286249998898711
512,S3_CASE_WAIT,3,-18.60000052920004,-6.200000286102295,-0.013563882908783853,-0.01011521574885954,0.0066403089731466025,0.6768821328878403,-0.018863161327317357,0.0,1.0193831026554108,7.947286206899662e-08,-11.006136894226074,1.5442495942115784,0.010151250004128087
513,S3_CASE_CLOSURE,3,-18.60000049159935,-6.200000286102295,0.007000419544056058,0.0010132105865823249,0.025133186019957066,0.6579384356737137,-0.016590913524851203,0.0,1.0168629586696625,2.4835268064293814e-08,-10.993968963623047,6.574220895767212,0.010326040996005759
514,S3_CASE_FEASIBLE,3,-18.6000004583002,-6.200000286102295,-0.018341922550462186,-0.026244290561104666,0.029005502816289663,0.6600383967161179,-0.02476209355518222,0.0,1.0263838469982147,-2.9802322387695312e-08,-10.998595237731934,5.334295988082886,0.010127166002348531
515,S3_CASE_WAIT,3,-18.600000516699946,-6.200000286102295,0.0011585564352571964,-0.007355799355233561,0.030635805800557137,0.6803547441959381,0.010413328651338816,0.0,0.9897213876247406,-1.9868215517249155e-08,-11.00919246673584,2.1951244473457336,0.010127790999831632
516,S3_CASE_CLOSURE,3,-18.600000941700273,-6.200000286102295,-0.025230184313841164,-0.026494905197370855,0.016636747168377042,0.705365315079689,0.003703047812450677,0.0,0.9969563037157059,1.3907749973895989e-07,-11.013514518737793,5.259701251983643,0.009850417001871392
517,S3_CASE_FEASIBLE,3,-18.600000629099668,-6.200000286102295,0.008717657648958266,0.008087396699313132,0.01576411398127675,0.7251796126365662,0.011475712216148182,0.0,0.9886670410633087,3.973643103449831e-08,-11.012406349182129,2.8941147923469543,0.010105458997713868
518,S3_CASE_WAIT,3,-18.600001412399433,-6.200000762939453,-0.0011397780617699027,-0.0015443417432834394,0.015381252160295844,0.7286062687635422,0.0033565462023643633,0.0,0.9966556876897812,-3.973643103449831e-08,-11.000412940979004,1.9835765063762665,0.010234708999632858
519,S3_CASE_CLOSURE,3,-18.600000520800677,-6.200000286102295,-0.005396468099206686,-0.0018521670936024748,0.007495281090086792,0.7291941493749619,-0.0024242898216471076,0.0,1.002443939447403,-3.973643103449831e-08,-10.9944429397583,1.4415627717971802,0.010536957997828722
520,S3_CASE_FEASIBLE,3,-18.600001087500278,-6.200000762939453,-0.013082204619422555,-0.010682667101113097,0.009710363752674311,0.7254719585180283,0.006719320857277111,0.0,0.9934952706098557,0.0,-11.00664234161377,3.264832854270935,0.010774957998364698
521,S3_CASE_WAIT,3,-18.600000583400107,-6.200000286102295,0.004566411138512194,0.002666025267293093,0.018089365446940064,0.7144297212362289,-0.012987315577143832,0.0,1.0131172090768814,0.0,-11.008232116699219,1.8408292829990387,0.010152082999411505
522,S3_CASE_CLOSURE,3,-18.600001058299675,-6.200000762939453,-0.012849640275817364,-0.007446929715418271,0.0034137594630010426,0.7109590470790863,0.00022215644033440896,0.0,0.9998326748609543,0.0,-11.005425453186035,4.213975310325623,0.01028733300336171
523,S3_CASE_FEASIBLE,3,-18.600000579200422,-6.200000286102295,-0.004166585044004023,0.0017622386221773922,0.0021755926427431405,0.7016620188951492,-0.003969530303342239,0.0,1.003982812166214,3.973643103449831e-08,-11.000629425048828,1.5347115099430084,0.010123958003532607
524,S3_CASE_WAIT,3,-18.60000141249911,-6.200000762939453,-0.008057401282712817,-0.004452864367825882,0.006838435889221728,0.7023755013942719,-0.009048481821082532,0.0,1.0091416835784912,0.0,-11.005805969238281,2.046781003475189,0.01008687499415828
525,S3_CASE_CLOSURE,3,-18.600000537499728,-6.200000286102295,-0.001843336853198707,-6.88185439994271e-05,0.010546556441113353,0.7047796696424484,-0.000790596045893821,0.0,1.0007959008216858,-3.973643103449831e-08,-11.008697509765625,2.6431504487991333,0.010267167002893984
526,S3_CASE_FEASIBLE,3,-18.600001041700306,-6.200000286102295,-0.025041567103471607,-0.02502533793449402,0.013823714456520975,0.6928086131811142,0.002573509991634637,0.0,0.997945711016655,0.0,-10.998866081237793,5.921026349067688,0.010092291995533742
527,S3_CASE_WAIT,3,-18.600001504099783,-6.200000762939453,-0.025701736798509955,-0.036673738465954564,0.03540143324062228,0.6728715002536774,0.016456176837285064,0.0,0.9849568009376526,0.0,-10.98884105682373,6.710369348526001,0.01120483299746411
528,S3_CASE_CLOSURE,3,-18.60000050840026,-6.200000286102295,0.00907083973288536,0.005187089205719531,0.021129296743310988,0.6680897623300552,-0.0013516943048070829,0.0,1.0013723075389862,0.0,-10.987980842590332,2.261347472667694,0.010168457993131597
529,S3_CASE_FEASIBLE,3,-18.600000516699946,-6.200000286102295,-0.005267652682960033,-0.007029002260726891,0.017179214511997998,0.6828257888555527,0.008087456032322748,0.0,0.9920174032449722,3.973643103449831e-08,-11.008899688720703,1.6207282841205597,0.010082209002575837
530,S3_CASE_WAIT,3,-18.600000558299506,-6.200000286102295,-0.0019459747709333897,-0.0015942205985384206,0.013193760416470468,0.6948634684085846,0.0011990666198471445,0.0,0.9988106042146683,-3.973643103449831e-08,-11.01697063446045,2.1247595846652985,0.010323208996851463
531,S3_CASE_CLOSURE,3,-18.600001395899746,-6.200000762939453,-0.0024667903780937195,-0.009401885094121099,0.027713418705388904,0.6921614706516266,0.019728054370109938,0.0,0.9806943535804749,-3.973643103449831e-08,-10.997055053710938,2.693654179573059,0.010254416993120685
532,S3_CASE_FEASIBLE,3,-18.60000058750011,-6.200000286102295,0.002772414591163397,0.00023616602023435185,0.01883908035233617,0.688329204916954,-0.002575278311269358,0.0,1.0025924742221832,0.0,-10.989487648010254,1.3802185654640198,0.010233832996163983
533,S3_CASE_WAIT,3,-18.600001587600126,-6.200000762939453,-0.01993948337621987,-0.019686793598036267,0.012959538493305445,0.673245906829834,0.02487715085347464,0.0,0.9760892540216446,0.0,-11.008212089538574,5.043724775314331,0.010571207996690646
534,S3_CASE_CLOSURE,3,-18.600000583300424,-6.200000286102295,0.004998528049327433,0.002319569408427924,0.018201908213086426,0.6421995759010315,-0.007778346654959023,0.0,1.0078296959400177,0.0,-11.0186128616333,1.1312734335660934,0.010306459000275936
535,S3_CASE_FEASIBLE,3,-18.600000987499516,-6.200000762939453,-0.009160813526250422,-0.012719484511762857,0.019466385478153825,0.6174522042274475,0.005411853528737076,0.0,0.9947835952043533,-3.476937493473997e-08,-11.000834465026855,4.129734516143799,0.010218249997706152
536,S3_CASE_WAIT,3,-18.600000575000013,-6.200000286102295,0.010821113246493042,-9.34855390823941e-05,0.03371603647246957,0.5943419635295868,-0.004021167774530099,0.0,1.0040335357189178,0.0,-10.983859062194824,1.684120625257492,0.010185500002990011
537,S3_CASE_CLOSURE,3,-18.600000537500453,-6.200000286102295,-0.0012582667404785752,-0.001382205606205389,0.011995392298558727,0.5873757302761078,-0.0030027827015146613,0.0,1.0030161440372467,9.934107758624577e-09,-11.004244804382324,2.0689591467380524,0.01005795800301712
538,S3_CASE_FEASIBLE,3,-18.600000695800553,-6.200000286102295,-0.0009407506440766156,-0.0008573407952399137,0.011093977722339332,0.5630398988723755,-0.008979002673489944,0.0,1.00911146402359,0.0,-11.016737937927246,0.9416015148162842,0.009848749999946449
539,S3_CASE_WAIT,3,-18.600000554200232,-6.200000286102295,0.0006091673858463764,0.0012616093202568734,0.009635640075430274,0.5470262169837952,-0.0007243553882290144,0.0,1.0007273703813553,2.9802322387695312e-08,-10.997257232666016,1.707364171743393,0.00997070899757091
540,S3_CASE_CLOSURE,3,-18.60000097500015,-6.200000762939453,-0.013187497737817466,-0.013674925159042672,0.012215171998832375,0.5620158761739731,-0.014704485967135028,0.0,1.015297383069992,3.973643103449831e-08,-11.001224517822266,3.121122658252716,0.009670958999777213
541,S3_CASE_FEASIBLE,3,-18.600000987499516,-6.200000286102295,0.01729341736063361,0.0049069797387346625,0.03644937835633755,0.5838251560926437,-0.0028816263074986637,0.0,1.0029640197753906,1.4901161193847656e-08,-11.016118049621582,3.2432243824005127,0.009874957999272738
542,S3_CASE_WAIT,3,-18.6000013249999,-6.200000762939453,-0.0006488532526418567,-0.00077934064271723,0.011892842827364802,0.5815934091806412,0.0003766814964665244,0.0,0.9996288418769836,5.960464477539063e-08,-11.009562492370605,4.69556450843811,0.01027537499612663
543,S3_CASE_CLOSURE,3,-18.60000046249988,-6.200000286102295,-0.0044627683237195015,-0.001509460581928579,0.005863274447619915,0.5884945094585419,0.0005514025688171387,0.0,0.9994524419307709,0.0,-11.00089168548584,1.3523495197296143,0.010009208002884407
544,S3_CASE_FEASIBLE,3,-18.60000051659954,-6.200000286102295,-0.003917146939784288,-0.0005120734531374183,0.004919390776194632,0.5864769071340561,0.0008302132482640445,0.0,0.9991730153560638,0.0,-10.999011039733887,1.6722978353500366,0.010299583002051804
545,S3_CASE_WAIT,3,-18.600000891699892,-6.200000286102295,-0.0063159604906104505,-0.005105132799750667,0.009602792328223586,0.6012224107980728,0.008104364038445055,0.0,0.9920162409543991,-3.973643103449831e-08,-11.009495735168457,1.1430836915969849,0.010921458000666462
546,S3_CASE_CLOSURE,3,-18.600001129099837,-6.200000762939453,-0.025628326693549752,-0.023507619897524812,0.008181697106920183,0.6211556047201157,-0.004935880424454808,0.0,1.0057894885540009,5.960464477539063e-08,-11.010200500488281,6.388400673866272,0.010270583996316418
547,S3_CASE_FEASIBLE,3,-18.600000549999823,-6.200000286102295,0.00957697129342705,0.0020517806115094572,0.027592886704951525,0.6271252930164337,9.195010352414101e-05,0.0,0.9999139904975891,0.0,-11.0045747756958,2.427724540233612,0.009882457998173777
548,S3_CASE_WAIT,3,-18.600001399999748,-6.200000762939453,0.0043684415286406875,0.0014816050631150102,0.018157087499275804,0.6191707402467728,0.001591900989296846,0.0,0.9984153062105179,0.0,-10.996684074401855,4.446713328361511,0.010545958997681737
549,S3_CASE_CLOSURE,3,-18.6000006166003,-6.200000286102295,-0.0068349753273651,-0.0018234010888895646,0.002466199191985652,0.6244674026966095,0.0005761384818470106,0.0,0.999429389834404,0.0,-10.999588012695312,1.5839882493019104,0.010003250004956499
550,S3_CASE_FEASIBLE,3,-18.600001029199483,-6.200000762939453,-0.01945623499341309,-0.019012018960590016,0.01136323023820296,0.6125831305980682,0.012069513206370175,0.0,0.9883519858121872,-1.9868215517249155e-08,-11.00386905670166,4.306696534156799,0.010241165997285862
551,S3_CASE_WAIT,3,-18.600000533300044,-6.200000286102295,0.013401345582678914,0.0037286033233008276,0.031164875719696283,0.5909695476293564,-0.004608889382023307,0.0,1.004632979631424,3.973643103449831e-08,-11.00062084197998,2.2117315530776978,0.010600834000797477
552,S3_CASE_CLOSURE,3,-18.600001512499148,-6.200000762939453,0.002663135062903166,0.0002638623215407421,0.016615425935015082,0.5908440351486206,-0.0021892786026000977,0.0,1.0021933913230896,0.0,-11.00686264038086,2.1853220462799072,0.010395750003226567
553,S3_CASE_FEASIBLE,3,-18.600000575000013,-6.200000286102295,-0.0036415846552699804,-0.00102935728439979,0.006586130504729226,0.590529277920723,0.0012795130314771086,0.0,0.9987276643514633,0.0,-11.009833335876465,1.0714590549468994,0.010253915999783203
554,S3_CASE_WAIT,3,-18.600000575000013,-6.200000286102295,-0.0018164447974413633,0.001484145696546868,0.005385765776736662,0.5993473678827286,0.0009767214169187355,0.0,0.9990265369415283,-2.9802322387695312e-08,-11.004878044128418,1.9179145395755768,0.01013841700478224
555,S3_CASE_CLOSURE,3,-18.60000070410024,-6.200000286102295,-0.005685736832674593,-0.004230064708584225,0.008891744597349316,0.5901544541120529,-0.006176650465931743,0.0,1.0062514245510101,0.0,-10.997118949890137,1.034843385219574,0.010322792004444636
556,S3_CASE_FEASIBLE,3,-18.60000132080022,-6.200000762939453,-0.024045810918323696,-0.021771208926415042,0.006791286228690296,0.567024439573288,0.017152736661955714,0.0,0.9836668968200684,6.084641057668705e-08,-11.002399444580078,3.6585431694984436,0.010264999997161794
557,S3_CASE_WAIT,3,-18.600000958400777,-6.200000762939453,-0.0232327647972852,-0.03506886291628075,0.03424525074660778,0.5286528468132019,0.02334506274200976,0.0,0.978206142783165,0.0,-11.006217002868652,4.535463929176331,0.010082417000376154
558,S3_CASE_CLOSURE,3,-18.60000054589982,-6.200000286102295,0.021389995235949755,0.0032791868046235795,0.04602090269327164,0.4899642989039421,-0.005877077463082969,0.0,1.0059146583080292,0.0,-11.00264835357666,1.6306871175765991,0.010358040999562945
559,S3_CASE_FEASIBLE,3,-18.600001354100094,-6.200000762939453,-0.010028996272012591,-0.011638115043751895,0.012748382636345923,0.4765072613954544,0.006899396753094145,0.0,0.9932906776666641,7.947286206899662e-08,-11.00777530670166,4.642102003097534,0.010473333000845741
560,S3_CASE_WAIT,3,-18.600001266699838,-6.200000286102295,0.010517905466258526,0.01400794841659625,0.002196952555095777,0.4588518664240837,0.008240461427098111,0.0,0.9919710159301758,3.973643103449831e-08,-11.008793830871582,5.299944639205933,0.010095915997226257
561,S3_CASE_CLOSURE,3,-18.600001216600504,-6.200000762939453,-0.011828625574707985,-0.01035055537552898,0.006267983641009778,0.46120622754096985,-0.006387790024746209,0.0,1.0065214037895203,1.9868215517249155e-08,-11.0059814453125,5.44182288646698,0.0099277909976081
562,S3_CASE_FEASIBLE,3,-18.600000687500142,-6.200000286102295,0.0010640727123245597,2.7015807670949243e-05,0.011596913798712194,0.47614002227783203,0.0013020436357091825,0.0,0.9986996650695801,-3.973643103449831e-08,-11.007384300231934,1.302740454673767,0.010436249998747371
563,S3_CASE_WAIT,3,-18.6000009166004,-6.200000762939453,-0.003289323067292571,-0.0010263323905137511,0.004961888655088842,0.4743935167789459,0.00044303140020929277,0.0,0.9995656609535217,-3.973643103449831e-08,-10.999710083007812,3.6944785118103027,0.010361042004660703
564,S3_CASE_CLOSURE,3,-18.600001154100028,-6.200000762939453,-0.00041586917359381914,0.002600274980068207,0.0036397615913301706,0.48360250890254974,-0.0022438267963789116,0.0,1.0022616386413574,-1.9868215517249155e-08,-10.9996919631958,3.3733949065208435,0.010246249999909196
565,S3_CASE_FEASIBLE,3,-18.600000608400297,-6.200000286102295,-0.0031050335383042693,-0.0011383940676146231,0.0057193501852452755,0.48263147473335266,0.0007781187887303531,0.0,0.9992247968912125,1.9868215517249155e-08,-11.002923011779785,1.0484691113233566,0.01042845800111536
566,S3_CASE_WAIT,3,-18.600000962500054,-6.200000286102295,-0.018903607910033315,-0.017110422486439347,0.006395517848432064,0.4990943670272827,-0.006995260715484619,0.0,1.007339894771576,0.0,-11.009281158447266,5.652135372161865,0.010000332993513439
567,S3_CASE_CLOSURE,3,-18.600000583299696,-6.200000286102295,0.0006126459920778871,0.0019428754846249063,0.007765345100779086,0.5212902128696442,0.002895891588801547,0.0,0.9971125274896622,9.934107758624577e-09,-11.012364387512207,1.4464488327503204,0.009794333003810607
568,S3_CASE_FEASIBLE,3,-18.600001004100342,-6.200000286102295,-0.0070827119634486735,-0.00952280076065426,0.015226044692099094,0.5172933787107468,0.0025698741228552535,0.0,0.9975250661373138,3.973643103449831e-08,-10.999131202697754,5.705835580825806,0.01001929100311827
569,S3_CASE_WAIT,3,-18.600000533299315,-6.200000286102295,0.00535557558760047,0.0009179363357052495,0.018942046677693725,0.503338411450386,-0.001688559859758243,0.0,1.0016915798187256,7.947286206899662e-08,-10.988082885742188,1.3646746128797531,0.010344041998905595
570,S3_CASE_CLOSURE,3,-18.600001354200504,-6.200000762939453,0.0012841803254559636,-0.0023316691501040765,0.01728271530009806,0.5025508180260658,0.0019781390437856317,0.0,0.9980513751506805,0.0,-11.007952690124512,3.3561732172966003,0.010947499999019783
571,S3_CASE_FEASIBLE,3,-18.600001233299555,-6.200000762939453,-0.0005293299909681082,-0.004940150887705386,0.018481930601410568,0.48301444947719574,0.0207935175858438,0.0,0.9804205149412155,0.0,-11.019726753234863,1.4219691455364227,0.010681792002287693
572,S3_CASE_WAIT,3,-18.60000054580014,-6.200000286102295,0.005821873201057315,0.0027813116709394237,0.015244371490553021,0.4581624045968056,-0.002728581428527832,0.0,1.0027393400669098,-3.973643103449831e-08,-10.998475074768066,1.549976497888565,0.010339166001358535
573,S3_CASE_CLOSURE,3,-18.60000058749938,-6.200000286102295,-0.0037627072306349874,-0.001986886010854505,0.005655942426528782,0.4603792428970337,0.0023184815363492817,0.0,0.9976968467235565,0.0,-10.99703311920166,0.9664848148822784,0.010255749999487307
574,S3_CASE_FEASIBLE,3,-18.60000063749976,-6.200000286102295,0.0003961386391893029,0.0005445654193181326,0.009032439556904137,0.46646466851234436,-0.0003147125304767684,0.0,1.0003156960010529,-3.973643103449831e-08,-11.013484954833984,1.2747124880552292,0.010260250004648697
575,S3_CASE_WAIT,3,-18.60000056249992,-6.200000286102295,-0.004461198521312326,-0.0027156385864754995,0.0055621343781240284,0.45266271382570267,-0.0033178130979649723,0.0,1.0033369362354279,-3.973643103449831e-08,-11.000370025634766,0.7095872759819031,0.009588125001755543
576,S3_CASE_CLOSURE,3,-18.600000837499827,-6.200000286102295,-0.000668860855512321,-0.00020168225698080633,0.007911045104265213,0.44227011501789093,-0.0003097653338954842,0.0,1.0003100633621216,-1.9868215517249155e-08,-11.002273559570312,1.0184932798147202,0.0105460420018062
577,S3_CASE_FEASIBLE,3,-18.60000079579986,-6.200000286102295,-0.0022171056480146945,-7.672607640962781e-05,0.004622294858563691,0.44515271484851837,0.0004943410676787607,0.0,0.9995061755180359,-7.947286206899662e-08,-11.012728691101074,0.5712906494736671,0.01053337500343332
578,S3_CASE_WAIT,3,-18.60000059169979,-6.200000286102295,-0.0020668188808485866,0.00040279825285916004,0.00404521290329285,0.4492223635315895,0.00038236379623413086,0.0,0.999617874622345,3.973643103449831e-08,-10.998822212219238,0.5467024892568588,0.010240791001706384
579,S3_CASE_CLOSURE,3,-18.600001079199863,-6.200000762939453,-0.0037684281123802066,-8.435050100796815e-05,0.0015749244412290864,0.4471540004014969,0.0006554921419592574,0.0,0.9993475824594498,3.973643103449831e-08,-11.005648612976074,0.8604188710451126,0.010239250004815403
580,S3_CASE_FEASIBLE,3,-18.60000062079998,-6.200000286102295,-0.005868416745215654,-0.0018021688010776415,0.0010878813700401224,0.4610188603401184,0.003735582053195685,0.0,0.9962804764509201,3.973643103449831e-08,-11.006573677062988,0.47817566245794296,0.01001416700455593
581,S3_CASE_WAIT,3,-18.60000061669998,-6.200000286102295,-0.0020027555874548852,0.0013077693874947727,0.0030537125712726265,0.48373814672231674,0.0025481581687927246,0.0,0.997457891702652,0.0,-11.004534721374512,0.8560744524002075,0.01032083300378872
582,S3_CASE_CLOSURE,3,-18.60000084170024,-6.200000286102295,-0.004828820587135851,-0.0007731715910872516,0.0015760723617859185,0.4843685254454613,-0.001259724289411679,0.0,1.0012654066085815,0.0,-11.00057601928711,0.43745408207178116,0.010755957999208476
583,S3_CASE_FEASIBLE,3,-18.60000129999971,-6.200000762939453,-0.013857172336429358,-0.01354057330172509,0.008820405579172075,0.4726801887154579,0.010668665093059637,0.0,0.9896540194749832,0.0,-11.005508422851562,4.491246581077576,0.010479374999704305
584,S3_CASE_WAIT,3,-18.600000691699822,-6.200000286102295,0.003311205771751702,0.0008604917723762928,0.01397364865988493,0.45361103117465973,-0.0022270679473876953,0.0,1.0022317469120026,0.0,-11.00477123260498,0.9036446511745453,0.01021958399360301
585,S3_CASE_CLOSURE,3,-18.600000579100016,-6.200000286102295,-0.00517438177485019,-0.0023083488825550447,0.0034022483159787953,0.4567157104611397,0.0020935933280270547,0.0,0.9979172945022583,-3.973643103449831e-08,-11.006847381591797,0.5321266353130341,0.010022166999988258
586,S3_CASE_FEASIBLE,3,-18.60000131669949,-6.200000762939453,0.003634890425018966,-0.002585016166753107,0.021812371211126447,0.4686279147863388,0.004768907965626568,0.0,0.9952731728553772,-7.947286206899662e-08,-11.003897666931152,4.9107489585876465,0.010254749999148771
587,S3_CASE_WAIT,3,-18.60000111250047,-6.200000762939453,0.012276762397959828,-0.0018017608284326414,0.03750608768314123,0.4674520865082741,-0.0018834868581807385,0.0,1.0018993765115738,0.0,-10.998778343200684,4.9474687576293945,0.010205499995208811
588,S3_CASE_CLOSURE,3,-18.600000537499728,-6.200000286102295,0.007915519527159631,-0.00019072492432314903,0.025700117694213986,0.4743814319372177,0.0004132588698357864,0.0,0.9995873868465424,0.0,-11.00180435180664,1.2700453400611877,0.010047708994534332
589,S3_CASE_FEASIBLE,3,-18.60000059579979,-6.200000286102295,-0.006863935384899378,-0.004384631873108447,0.00428344591637142,0.46210264414548874,-0.00373582039416398,0.0,1.0037683695554733,-3.973643103449831e-08,-11.003705024719238,0.7037762105464935,0.01033083299989812
590,S3_CASE_WAIT,3,-18.600001120899833,-6.200000286102295,0.011422538314945996,0.0024101087959325085,0.026961666997522116,0.4468403607606888,-0.0006141463964013383,0.0,1.0006214827299118,3.973643103449831e-08,-11.001675605773926,4.130863785743713,0.010124583001015708
591,S3_CASE_CLOSURE,3,-18.600000499999442,-6.200000286102295,0.009700119844637811,-0.0029233668950230385,0.034349172841757536,0.45510995388031006,-0.006366431654896587,0.0,1.0065762996673584,0.0,-11.007079124450684,1.2779698371887207,0.009819375001825392
592,S3_CASE_FEASIBLE,3,-18.60000058750011,-6.200000286102295,-0.004664380103349686,-0.0029833515582140535,0.006284316317760386,0.4823186919093132,0.005427400174085051,0.0,0.9946056008338928,0.0,-11.009808540344238,0.5942534133791924,0.010221500000625383
593,S3_CASE_WAIT,3,-18.60000058750011,-6.200000286102295,0.006321987370029092,0.0023377863690257072,0.018266169587150216,0.5148883759975433,0.004441817582119256,0.0,0.9955763667821884,0.0,-11.002205848693848,1.0548412650823593,0.009946958998625632
594,S3_CASE_CLOSURE,3,-18.600000629200075,-6.200000286102295,-0.003264879109337926,-0.002097750654987518,0.008115968630590942,0.5225113034248352,-0.0009963115056361715,0.0,1.0010092854499817,0.0,-11.00094223022461,0.7802145779132843,0.010783624995383434
595,S3_CASE_FEASIBLE,3,-18.600000808299956,-6.200000286102295,0.00017784163355827332,0.0017094537906814367,0.007220874074846506,0.5142049193382263,-0.0007720589492237195,0.0,1.0007746517658234,1.9868215517249155e-08,-11.003395080566406,0.9506038427352905,0.010900542001763824
596,S3_CASE_WAIT,3,-18.600000737499794,-6.200000286102295,-0.0031049082754179835,-0.0016740187808561569,0.007581854675663635,0.5221817046403885,0.00293046236038208,0.0,0.9970827251672745,0.0,-11.00846004486084,0.6764038056135178,0.01054712499899324
597,S3_CASE_CLOSURE,3,-18.600001358200096,-6.200000762939453,-0.02173585770651698,-0.01946812107538065,0.006411160447896691,0.5473316758871078,-0.017171283485367894,0.0,1.0180512517690659,0.0,-11.004070281982422,3.9589242339134216,0.010685959001420997
598,S3_CASE_FEASIBLE,3,-18.600001104200054,-6.200000762939453,-0.022859665914438665,-0.03458022450407405,0.0351564334705472,0.5857657194137573,-0.022383958489323952,0.0,1.0239146649837494,3.973643103449831e-08,-11.002514839172363,4.88804292678833,0.010082125001645181
599,S3_CASE_WAIT,3,-18.60000061669998,-6.200000286102295,0.023421984165906906,0.00478574874190052,0.04974443186074495,0.6235980689525604,0.007855673669837415,0.0,0.992214098572731,7.947286206899662e-08,-11.007377624511719,2.008452385663986,0.010078208004415501
600,S3_CASE_CLOSURE,3,-18.600000941700273,-6.200000762939453,-0.01008570205885917,-0.012066390287751805,0.016722189961001277,0.6380407065153122,-0.004947096051182598,0.0,1.005100056529045,0.0,-11.00375747680664,4.75541889667511,0.010094833000039216
601,S3_CASE_FEASIBLE,3,-18.60000061249957,-6.200000286102295,-0.005814142641611397,-0.00022044737837254025,0.0019396870047785342,0.6563538759946823,0.004361232160590589,0.0,0.9956550598144531,0.0,-11.001818656921387,1.1290569007396698,0.01076479200128233
602,S3_CASE_WAIT,3,-18.60000157079994,-6.200000762939453,-0.010909277014434338,-0.009998669265769422,0.011300213926006109,0.6560714840888977,0.00733072570680271,0.0,0.9928032755851746,-5.960464477539063e-08,-11.002532958984375,4.688959956169128,0.01155049999943003
603,S3_CASE_CLOSURE,3,-18.600000720800015,-6.200000286102295,0.008794341003522277,0.00174715620232746,0.02695788210257888,0.6431756764650345,-0.002535998821258545,0.0,1.0025427341461182,-5.960464477539063e-08,-11.000967979431152,1.702260583639145,0.010782000004837755
604,S3_CASE_FEASIBLE,3,-18.60000145009981,-6.200000762939453,0.001437744009308517,-4.361693087595597e-05,0.015856392215937376,0.6446835249662399,-0.006699114843891962,0.0,1.0067418962717056,0.0,-11.006794929504395,2.1970078349113464,0.010191749999648891
605,S3_CASE_WAIT,3,-18.600001116700152,-6.200000286102295,-0.020707160118035972,-0.01906965680730721,0.009701551869511604,0.6488279104232788,-0.004815995644699811,0.0,1.0052307397127151,0.0,-11.009764671325684,6.152223706245422,0.010240084004180972
606,S3_CASE_CLOSURE,3,-18.600000741599796,-6.200000286102295,-0.014413559227250516,-0.011599451381091974,0.007533058524131775,0.6580637395381927,0.02297280255394618,0.0,0.9778853505849838,3.973643103449831e-08,-11.01169490814209,2.6207961440086365,0.010540249997575302
607,S3_CASE_FEASIBLE,3,-18.600000512499538,-6.200000286102295,-0.006134972092695534,-0.0005197524945592669,0.0018890904466388747,0.6559765040874481,0.0019262631540186703,0.0,0.9981083124876022,0.0,-11.008122444152832,0.747176468372345,0.010345957998652011
608,S3_CASE_WAIT,3,-18.600000720900425,-6.200000286102295,-0.0014223188627511263,0.002406838039557213,0.005612608976662159,0.6635461449623108,0.004264136252459139,0.0,0.9957643896341324,0.0,-11.001355171203613,1.590112417936325,0.010707749999710359
609,S3_CASE_CLOSURE,3,-18.600001200099356,-6.200000286102295,-0.013239584513939917,-0.008124232466798276,0.003152890712954104,0.6691797971725464,0.0025414824679810266,0.0,0.9975360333919525,1.9868215517249155e-08,-11.00339412689209,4.55354368686676,0.01082033299462637
610,S3_CASE_FEASIBLE,3,-18.600000500000167,-6.200000286102295,-0.014732637209817767,-0.009790559532120824,0.0032543506240472198,0.6569253206253052,-0.008287966173762484,0.0,1.0084204226732254,-1.9868215517249155e-08,-11.001506805419922,1.7006888091564178,0.010054917001980357
611,S3_CASE_WAIT,3,-18.60000131259949,-6.200000762939453,-0.031059378059580922,-0.028423945419490337,0.007394379703328013,0.6332622617483139,0.01877576089464128,0.0,0.9822368621826172,5.960464477539063e-08,-10.999970436096191,4.542188763618469,0.0099968330032425
612,S3_CASE_CLOSURE,3,-18.600000524999633,-6.200000286102295,0.0042524776654317975,0.004613851507504929,0.011370066786184907,0.6046407371759415,-0.005877574207261205,0.0,1.0059206783771515,-1.9868215517249155e-08,-11.000133514404297,1.4663639068603516,0.010349083997425623
613,S3_CASE_FEASIBLE,3,-18.60000070829992,-6.200000286102295,-0.005919388495385647,-0.0024048195822006235,0.004936337529215962,0.5982737839221954,0.0007393161313302699,0.0,0.999268040060997,3.973643103449831e-08,-11.008139610290527,0.9079456776380539,0.011347125000611413
614,S3_CASE_WAIT,3,-18.60000126659943,-6.200000762939453,-0.019092879025265574,-0.01806817715987563,0.010162328893784434,0.6105865985155106,-0.011770486715249717,0.0,1.012158453464508,-5.960464477539063e-08,-11.006362915039062,5.089434385299683,0.00985545799630927
615,S3_CASE_CLOSURE,3,-18.60000138329997,-6.200000762939453,-0.018515085568651557,-0.03048450530816993,0.03674476593732834,0.6402963846921921,-0.017201970253760024,0.0,1.0181559175252914,0.0,-11.002681732177734,5.132476568222046,0.010052750003524125
616,S3_CASE_FEASIBLE,3,-18.60000128739921,-6.200000762939453,-0.016166969086043537,-0.04184384069715952,0.06494843680411577,0.6797347366809845,-0.022957484470680356,0.0,1.0247476398944855,1.9868215517249155e-08,-11.005841255187988,5.860276579856873,0.010976625002513174
617,S3_CASE_WAIT,3,-18.60000111670015,-6.200000762939453,0.020391164696775377,-0.027690138202160597,0.11058390699326992,0.7210650891065598,-0.013727645389735699,0.0,1.014491856098175,0.0,-11.016228675842285,4.727464437484741,0.009757584004546516
618,S3_CASE_CLOSURE,3,-18.60000061669998,-6.200000286102295,0.047722858376801014,0.0057051703333854675,0.09903145208954811,0.7498039901256561,0.012899577850475907,0.0,0.9872562736272812,-9.934107758624577e-09,-11.02048397064209,5.2800551652908325,0.009365957994305063
619,S3_CASE_FEASIBLE,3,-18.600000649999856,-6.200000286102295,0.006380411563441157,-0.006175423681270331,0.0400600740686059,0.7474201917648315,-0.00472775092930533,0.0,1.0047837495803833,0.0,-11.010054588317871,2.6695613861083984,0.010340749999159016
620,S3_CASE_WAIT,3,-18.600000954099958,-6.200000286102295,-0.008105358807370067,-0.008904827370618484,0.016226577572524548,0.7313820719718933,-0.008565624593757093,0.0,1.0087191462516785,3.973643103449831e-08,-10.993887901306152,1.4677346646785736,0.009678417001850903
621,S3_CASE_CLOSURE,3,-18.600001466700633,-6.200000762939453,-0.012717048171907663,-0.018497387490545858,0.025856776861473918,0.7148049473762512,0.010949790594168007,0.0,0.989429771900177,1.9868215517249155e-08,-10.999659538269043,4.33947491645813,0.009714459003589582
622,S3_CASE_FEASIBLE,3,-18.60000129589971,-6.200000762939453,-0.0022687911987304688,-0.027629860366383596,0.06444831937551498,0.6863090842962265,0.014812926218533917,0.0,0.9860306531190872,0.0,-11.009020805358887,4.47311806678772,0.009508625000307802
623,S3_CASE_WAIT,3,-18.600000812500365,-6.200000286102295,0.030501218046993017,0.0037441600773795436,0.06655042339116335,0.6518154889345169,-0.008711258531548083,0.0,1.0087894797325134,0.0,-11.008406639099121,1.6779418587684631,0.009568666995619424
624,S3_CASE_CLOSURE,3,-18.600000766600715,-6.200000286102295,0.004612677497789264,0.0008960887789726257,0.020301481476053596,0.6434152275323868,0.006657044131619827,0.0,0.9933761805295944,0.0,-11.006882667541504,5.065481901168823,0.010031500001787208
625,S3_CASE_FEASIBLE,3,-18.600000666699632,-6.200000286102295,-0.011962479911744595,-0.006855763533773818,0.002992164110764861,0.660279855132103,0.00778285670094192,0.0,0.9923200458288193,-3.973643103449831e-08,-11.006878852844238,1.2557146549224854,0.010291582999343518
626,S3_CASE_WAIT,3,-18.600000666599954,-6.200000286102295,0.0011542483698576689,0.00033664206663708285,0.015285743866115808,0.6825265884399414,0.01806076344413121,0.0,0.9823447167873383,1.9868215517249155e-08,-11.006844520568848,2.7493934631347656,0.010095541998452973
627,S3_CASE_CLOSURE,3,-18.6000007290997,-6.200000286102295,-0.0003891064552590251,-0.0029153967237407485,0.018577367765828967,0.6762393862009048,-0.0036558905558194965,0.0,1.0036757290363312,3.973643103449831e-08,-11.00133991241455,1.5581617951393127,0.010606749994622078
628,S3_CASE_FEASIBLE,3,-18.600001279199933,-6.200000762939453,-0.007859819452278316,-0.002514523696542481,0.002524295610783156,0.6607443690299988,-0.002151012478861958,0.0,1.0021858364343643,0.0,-10.99918270111084,4.16912317276001,0.011095750000094995
629,S3_CASE_WAIT,3,-18.600000733399792,-6.200000286102295,-0.004605775000527501,0.00029304375751415535,0.0034357885306235403,0.6616713404655457,-3.365674880662084e-05,0.0,1.0000348836183548,7.947286206899662e-08,-11.009349822998047,0.7918974012136459,0.010787374994833954
630,S3_CASE_CLOSURE,3,-18.60000120409968,-6.200000762939453,-0.02516006084624678,-0.021472360550738756,0.005786057467048522,0.6580729335546494,-0.006814867335681818,0.0,1.007260650396347,1.8874804652568855e-07,-11.002713203430176,6.45529580116272,0.011159917004988529
631,S3_CASE_FEASIBLE,3,-18.60000061669998,-6.200000286102295,-0.0003789390320889652,0.001673976551197498,0.009118174675677437,0.6612003147602081,0.0005367597113945521,0.0,0.9994669109582901,7.947286206899662e-08,-10.992609977722168,1.0145063698291779,0.010221750002529006
632,S3_CASE_WAIT,3,-18.600000649999856,-6.200000286102295,-0.004498674476053566,-0.0014311521978624953,0.007289741188287735,0.6712393015623093,-0.0006173849178594537,0.0,1.0006237924098969,3.973643103449831e-08,-11.00844955444336,1.3140689432621002,0.010210709006059915
633,S3_CASE_CLOSURE,3,-18.600000649999856,-6.200000286102295,-0.007547057466581464,-0.002116670230558615,0.002423189245746471,0.6641981899738312,-0.004444102582056075,0.0,1.0044947266578674,-3.973643103449831e-08,-11.009093284606934,0.7248603999614716,0.010410916998807807
634,S3_CASE_FEASIBLE,3,-18.60000052079995,-6.200000286102295,-0.003528603003360331,0.0021198987766792854,0.002042335836449638,0.66696697473526,0.0014015038759680465,0.0,0.9986036270856857,-3.973643103449831e-08,-10.999214172363281,0.8242965489625931,0.010408082998765167
635,S3_CASE_WAIT,3,-18.60000093330018,-6.200000286102295,-0.022024028818123043,-0.017184942727908492,0.00374188827117905,0.671002984046936,0.012142042124954955,0.0,0.9883145838975906,3.973643103449831e-08,-11.00827407836914,5.450805306434631,0.010173000002396293
636,S3_CASE_CLOSURE,3,-18.600001124900153,-6.200000762939453,-0.009560270351357758,-0.005044604302383959,0.004255704348906875,0.6643518358469009,-0.015003562012376293,0.0,1.0155253559350967,5.960464477539063e-08,-11.00931453704834,1.68063223361969,0.01034487500146497
637,S3_CASE_FEASIBLE,3,-18.600000629200075,-6.200000286102295,-0.003639926842879504,0.0001312891545239836,0.005798448692075908,0.6670440584421158,-0.0009452899466850795,0.0,1.00094772875309,0.0,-11.008468627929688,1.676794707775116,0.01031216699630022
638,S3_CASE_WAIT,3,-18.600000808400363,-6.200000286102295,-0.010098307859152555,-0.00664316110002483,0.0061126279179006815,0.6511460840702057,-0.007166425348259509,0.0,1.0072579681873322,-3.973643103449831e-08,-11.000149726867676,1.3181205987930298,0.010550750004767906
639,S3_CASE_CLOSURE,3,-18.600001062500816,-6.200000762939453,-0.01647907041478902,-0.013598099506149985,0.00668775022495538,0.6224845945835114,0.01683630491606891,0.0,0.9839674383401871,1.9868215517249155e-08,-10.99779224395752,2.5448482036590576,0.010445209001773037
640,S3_CASE_FEASIBLE,3,-18.600000579200422,-6.200000286102295,0.0023692164104431868,0.0023017823696136475,0.011998037109151483,0.593158483505249,-0.00427869961519356,0.0,1.0042958110570908,0.0,-11.003765106201172,1.3318464159965515,0.01017416700051399
641,S3_CASE_WAIT,3,-18.600001016700116,-6.200000762939453,-0.019306580536067486,-0.017066052804391774,0.007174321566708386,0.582768902182579,0.011970658941816481,0.0,0.9885266572237015,-3.973643103449831e-08,-11.010188102722168,4.788639664649963,0.01003804199717706
642,S3_CASE_CLOSURE,3,-18.600000537500453,-6.200000286102295,-0.005780962062999606,-0.0008760789933148772,0.0014671158787677996,0.5638441145420074,-0.0023934245109558105,0.0,1.0024000108242035,0.0,-11.008513450622559,0.512046292424202,0.010122250001586508
643,S3_CASE_FEASIBLE,3,-18.600000579199694,-6.200000286102295,-0.004753704706672579,-0.0012637451485109086,0.004186017555184662,0.5582968443632126,-0.0014964540678192861,0.0,1.0015067160129547,-1.9868215517249155e-08,-11.002715110778809,1.1197446882724762,0.010214208996330854
644,S3_CASE_WAIT,3,-18.600000649999856,-6.200000286102295,-0.00987988815177232,-0.005470892977124997,0.0018867809267248958,0.535238578915596,-0.0050525268306955695,0.0,1.0051305890083313,-3.973643103449831e-08,-11.001936912536621,1.094054639339447,0.010903542002779432
645,S3_CASE_CLOSURE,3,-18.600001104200782,-6.200000762939453,-0.025717995071318,-0.025940167872856357,0.010347627801820636,0.4951641708612442,0.01747262477874756,0.0,0.9834460318088531,5.4637592228345966e-08,-11.000910758972168,4.606641054153442,0.010168625005462673
646,S3_CASE_FEASIBLE,3,-18.60000064169944,-6.200000286102295,0.0062986575067043304,0.0012930333711365094,0.01916987751610577,0.4579314887523651,-0.003941992938052863,0.0,1.0039543807506561,-3.973643103449831e-08,-11.001472473144531,1.1231679022312164,0.010352458994020708
647,S3_CASE_WAIT,3,-18.600000524999633,-6.200000286102295,-0.004502647672779858,-0.003000527649419382,0.005980465124594048,0.4492352679371834,0.0007120371010387316,0.0,0.9992995262145996,0.0,-11.0084867477417,0.7624043226242065,0.01009104200056754
648,S3_CASE_CLOSURE,3,-18.600001012499707,-6.200000762939453,-0.0449318332830444,-0.0488086439048252,0.01701288775075227,0.46296335756778717,-0.03771314909681678,0.0833333358168602,1.0413182377815247,9.934107758624577e-09,-11.00551986694336,4.826228946447372,0.010239916999125853
649,S3_CASE_FEASIBLE,3,-18.60000084170024,-6.200000286102295,0.017677847761660814,0.0025810698086079498,0.03984268847852945,0.48245668411254883,0.0016148289335742305,0.0,0.9983922243118286,1.9868215517249155e-08,-11.005752563476562,1.5973463654518127,0.010407125002529938
650,S3_CASE_WAIT,3,-18.60000066249995,-6.200000286102295,-0.0040625244728289545,-0.005312959372531623,0.01192588621051982,0.4712507948279381,-0.004272957623470575,0.0,1.0043123662471771,0.0,-11.000995635986328,1.0532136708498,0.010464250000950415
651,S3_CASE_CLOSURE,3,-18.600000495900165,-6.200000286102295,0.002037782804109156,0.0018246853724122047,0.00947714684298262,0.452547624707222,-0.001716295868391171,0.0,1.00172159075737,-1.4901161193847656e-08,-11.000038146972656,1.1205582022666931,0.011050084001908544
652,S3_CASE_FEASIBLE,3,-18.600001374999557,-6.200000286102295,-0.004626248264685273,-0.013329860715505903,0.02656109305098653,0.4576934278011322,-0.007280449208337814,0.0,1.0074962377548218,0.0,-11.010440826416016,5.356162428855896,0.010648374998709187
653,S3_CASE_WAIT,3,-18.600000687500142,-6.200000286102295,0.0026554722571745515,-0.002198263993098859,0.01926256879232824,0.4777548089623451,0.0040774542721919715,0.0,0.9959504157304764,3.973643103449831e-08,-11.015159606933594,0.9293829947710037,0.010486999999557156
654,S3_CASE_CLOSURE,3,-18.600000649999856,-6.200000286102295,-0.012329998658969998,-0.009442193162007229,0.004383660503663123,0.507963627576828,0.008346279190542205,0.0,0.9917894750833511,0.0,-11.00207805633545,1.3073264062404633,0.010215499998594169
655,S3_CASE_FEASIBLE,3,-18.60000093330018,-6.200000762939453,-0.048700012848712504,-0.05632017397632083,0.026362196309491992,0.556093767285347,-0.043080000982930855,0.1666666716337204,1.0480362176895142,0.0,-11.002486228942871,3.23615100979805,0.010436167001898866
656,S3_CASE_WAIT,3,-18.60000139160038,-6.200000762939453,-0.007795788813382387,-0.022578075372924555,0.041536394506692886,0.5985910594463348,-0.012510995147749782,0.0,1.013052374124527,1.9868215517249155e-08,-11.011397361755371,5.1793131828308105,0.010674167002434842
657,S3_CASE_CLOSURE,3,-18.600000579199694,-6.200000286102295,0.008911518263630569,0.0015659282404767438,0.02724613156169653,0.6277475953102112,0.003828763961791992,0.0,0.9961872398853302,-3.973643103449831e-08,-11.009830474853516,2.34153813123703,0.010108458998729475
658,S3_CASE_FEASIBLE,3,-18.600000670800362,-6.200000286102295,-0.009783258428797126,-0.010251882059189255,0.013449183665215969,0.6255968660116196,-0.006604055757634342,0.0,1.0067294836044312,0.0,-10.998631477355957,1.6575993299484253,0.010190249995503109
659,S3_CASE_WAIT,3,-18.600000554200232,-6.200000286102295,0.004109349451027811,0.0025790482565453132,0.01537457131780684,0.6156984716653824,-0.0010990301767979105,0.0,1.001108393073082,-2.9802322387695312e-08,-10.99470043182373,1.980737328529358,0.010285291995387524
660,S3_CASE_CLOSURE,3,-18.6000006166003,-6.200000286102295,0.000751626561395824,-0.005244955401091378,0.024606047198176384,0.6306441724300385,0.007347802282311022,0.0,0.9927431046962738,0.0,-11.009461402893066,1.4440049529075623,0.0101192500005709
661,S3_CASE_FEASIBLE,3,-18.600001133400657,-6.200000762939453,0.00039258564356714487,0.0025392050544414957,0.008667640591738746,0.6480440050363541,-0.002467046200763434,0.0,1.0024787187576294,-7.947286206899662e-08,-11.014128684997559,3.881161153316498,0.010322875001293141
662,S3_CASE_WAIT,3,-18.600000949900277,-6.200000762939453,-0.004496929643210024,-0.0002404103721946882,0.004469403123948723,0.6491221040487289,-0.00025317074748087975,0.0,1.0002557188272476,3.973643103449831e-08,-11.004096984863281,1.6904484331607819,0.010737249998783227
663,S3_CASE_CLOSURE,3,-18.600001133300246,-6.200000762939453,-0.015333076007664204,-0.011683637780759426,0.006000776309520006,0.6649826616048813,-0.007770389357272478,0.0,1.008027121424675,0.0,-11.000134468078613,3.38037109375,0.01028908399894135
664,S3_CASE_FEASIBLE,3,-18.60000061249957,-6.200000286102295,-0.005168970441445708,0.00021558997104875743,0.002956734548206441,0.6862927824258804,0.0037502944857497056,0.0,0.9962650239467621,-3.973643103449831e-08,-11.005467414855957,2.023054599761963,0.010276375003741123
665,S3_CASE_WAIT,3,-18.60000059160011,-6.200000286102295,-0.013841546606272459,-0.009315758671921692,0.004600340325850993,0.6825958043336868,-0.007820070022717118,0.0,1.0079785585403442,-3.973643103449831e-08,-11.002422332763672,1.2916284501552582,0.010054999998828862
666,S3_CASE_CLOSURE,3,-18.600001004199292,-6.200000286102295,0.0038383924402296543,0.0022056847374187782,0.01667517446912825,0.6704879701137543,-0.008328974052954408,0.0,1.0084222853183746,1.9868215517249155e-08,-10.998161315917969,4.1060532331466675,0.01011224999820115
667,S3_CASE_FEASIBLE,3,-18.600000808299956,-6.200000286102295,-0.0010485484963282943,-0.004247316430943671,0.020033617038279772,0.6818040609359741,0.00778830039780587,0.0,0.9922977685928345,0.0,-11.004942893981934,1.638752281665802,0.010304916999302804
668,S3_CASE_WAIT,3,-18.600001508300192,-6.200000762939453,0.0037440721644088626,0.005702157854102552,0.010098563740029931,0.7007367759943008,-0.0033992926473729312,0.0,1.003436416387558,0.0,-11.012100219726562,4.110668182373047,0.010684959001082461
669,S3_CASE_CLOSURE,3,-18.60000085829961,-6.200000286102295,-0.00892095360904932,-0.0033860306721180677,0.0029681586020160466,0.7019002735614777,0.0008087257356237387,0.0,0.9992090910673141,7.947286206899662e-08,-11.008347511291504,0.7728926241397858,0.012862499999755528
670,S3_CASE_FEASIBLE,3,-18.60000081670005,-6.200000286102295,0.00026703113690018654,0.002167437264385619,0.010265588527545333,0.7033200263977051,-0.0005069971183120359,0.0,1.0005126744508743,0.0,-11.00163745880127,1.68032568693161,0.010628666997945402
671,S3_CASE_WAIT,3,-18.600001129200244,-6.200000762939453,-0.00862870505079627,-0.004214174977581253,0.005125222261995077,0.6977141201496124,-0.0037264625207171775,0.0,1.0037791877985,0.0,-11.000941276550293,4.680270671844482,0.009800041996641085
672,S3_CASE_CLOSURE,3,-18.600000658300267,-6.200000286102295,-0.0040795751847326756,-0.00020099800894968212,0.006279641995206475,0.7018398344516754,-0.0005161166288107921,0.0,1.0005198866128922,9.934107758624577e-09,-11.00822925567627,2.2680053114891052,0.010013833998527844
673,S3_CASE_FEASIBLE,3,-18.600001170900214,-6.200000286102295,-0.021026985021308064,-0.015358879696577787,0.002415524242678657,0.6875868141651154,0.011611322600703744,0.0,0.988890677690506,1.9868215517249155e-08,-11.00620174407959,5.914914608001709,0.00998516700201435
674,S3_CASE_WAIT,3,-18.600000875000113,-6.200000286102295,-0.008379493956454098,-0.0033535758799798643,0.003411117533687502,0.6731477230787277,0.001432498247595504,0.0,0.99858358502388,3.973643103449831e-08,-10.999358177185059,2.2222818732261658,0.009970582999812905
675,S3_CASE_CLOSURE,3,-18.600001212399366,-6.200000762939453,0.0007181777618825436,0.006499951200870324,0.0019814753613900393,0.6772511452436447,-0.004087388515472412,0.0,1.0041292905807495,0.0,-11.00533676147461,4.72575569152832,0.010104083994519897
676,S3_CASE_FEASIBLE,3,-18.60000095840005,-6.200000762939453,-0.032838703133165836,-0.028873184695839882,0.005366011173464358,0.6648524552583694,0.019494225969538093,0.0,0.9815440624952316,-5.960464477539063e-08,-11.005412101745605,4.430067658424377,0.01003183399734553
677,S3_CASE_WAIT,3,-18.60000111249974,-6.200000286102295,0.00776208785828203,0.004285484552383423,0.019841008819639683,0.6443901509046555,-0.00414202614532222,0.0,1.0041715800762177,-4.967053612858763e-08,-10.994686126708984,2.2365143299102783,0.010794624999107327
678,S3_CASE_CLOSURE,3,-18.600000770800396,-6.200000286102295,-0.010301894973963499,-0.008610405066672655,0.009676478570327163,0.6529729664325714,0.008722046933447913,0.0,0.9914040118455887,4.967053612858763e-08,-11.000308990478516,2.0357378125190735,0.010410584000055678
679,S3_CASE_FEASIBLE,3,-18.600000779199764,-6.200000286102295,-0.0045620419550687075,-0.003785788935298573,0.011955497437156737,0.6754001677036285,0.009896675939671695,0.0,0.9902741611003876,-3.973643103449831e-08,-11.015209197998047,1.0568662285804749,0.010238208997179754
680,S3_CASE_WAIT,3,-18.600001666599564,-6.200000762939453,-0.006702849292196333,-0.009136020322330296,0.018556468305177987,0.6845063120126724,-0.005314648093190044,0.0,1.0054091215133667,0.0,-11.004035949707031,2.4524969458580017,0.009953916000085883
681,S3_CASE_CLOSURE,3,-18.60000116250012,-6.200000762939453,0.0034117025788873434,-0.011299048822062563,0.043242890387773514,0.6910693794488907,-0.008866498712450266,0.0,1.0091073513031006,-3.973643103449831e-08,-10.990638732910156,4.006594896316528,0.009877374999632593
682,S3_CASE_FEASIBLE,3,-18.6000006166003,-6.200000286102295,0.004851835896261036,0.0015476138238836867,0.020718820160254836,0.705518826842308,0.005112250568345189,0.0,0.9949183017015457,-3.973643103449831e-08,-10.99613094329834,2.098866105079651,0.009922416997142136
683,S3_CASE_WAIT,3,-18.600000837499827,-6.200000286102295,-0.017706901882775128,-0.012689237638066508,0.004023931338451803,0.7029630243778229,-0.00930860665782074,0.0,1.0095196068286896,9.934107758624577e-09,-11.005431175231934,2.582106351852417,0.010394750002888031
684,S3_CASE_CLOSURE,3,-18.600001350000095,-6.200000762939453,-0.012011762941256166,-0.012517653250445626,0.014621096546761692,0.6804658323526382,0.0062307615104764125,0.0,0.9939790517091751,7.947286206899662e-08,-11.003182411193848,3.629982352256775,0.010523500000999775
685,S3_CASE_FEASIBLE,3,-18.600000991699925,-6.200000762939453,-0.015467772842384875,-0.024792266854395395,0.03161884844303131,0.6484930664300919,0.012155840988270938,0.0,0.9884649366140366,0.0,-10.998446464538574,4.499470591545105,0.010226749996945728
686,S3_CASE_WAIT,3,-18.600001045899262,-6.200000286102295,0.014443384483456612,0.004340186734527407,0.03258623881265521,0.6189922243356705,-0.00696277612587437,0.0,1.007038176059723,-1.9868215517249155e-08,-10.997661590576172,4.818729400634766,0.010446832995512523
687,S3_CASE_CLOSURE,3,-18.60000080000027,-6.200000286102295,0.0024150636745616794,-0.005443746883732725,0.028111806139349937,0.6197092831134796,0.004205604374874383,0.0,0.9958416968584061,3.973643103449831e-08,-11.00777530670166,1.6173246502876282,0.010498417002963834
688,S3_CASE_FEASIBLE,3,-18.600001083400272,-6.200000286102295,-0.014084090711548924,-0.015690517689411765,0.015962312929332256,0.637472927570343,0.00381877034669742,0.0,0.9964340329170227,0.0,-11.01451587677002,6.028085827827454,0.010083041997859254
689,S3_CASE_WAIT,3,-18.60000059580052,-6.200000286102295,0.0008161830483004451,0.0029339094374662977,0.008922057691961527,0.6578755527734756,0.005137065929980977,0.0,0.9949034154415131,2.1855036891338386e-07,-11.013834953308105,1.641339898109436,0.010280415997840464
690,S3_CASE_CLOSURE,3,-18.60000090839967,-6.200000762939453,-0.0019306001486256719,-0.003313501612865366,0.015947342617437243,0.659076988697052,-0.002820005058310926,0.0,1.0028546452522278,0.0,-10.999259948730469,3.4057129621505737,0.010080000000016298
691,S3_CASE_FEASIBLE,3,-18.600000912499674,-6.200000762939453,-0.01343124930281192,-0.012819816474802792,0.012277177418582141,0.6750022172927856,-0.008649061239945688,0.0,1.0090187191963196,-3.973643103449831e-08,-10.993062019348145,3.0828447937965393,0.010134916999959387
692,S3_CASE_WAIT,3,-18.600000979099423,-6.200000762939453,-0.03342294774483889,-0.028649061918258667,0.0045373483444564044,0.7042560875415802,-0.011392216081731021,0.0,1.0121268332004547,0.0,-11.003312110900879,4.635875940322876,0.010154832998523489
693,S3_CASE_CLOSURE,3,-18.600000575000013,-6.200000286102295,0.0002713218564167619,0.0005647392050986966,0.013992478605359793,0.7289656698703766,0.01802317278149257,0.0,0.982280820608139,-1.9868215517249155e-08,-11.013358116149902,6.2968961000442505,0.010122041996510234
694,S3_CASE_FEASIBLE,3,-18.600000566700327,-6.200000286102295,-0.004482693155296147,0.00027928003206945107,0.00505703259841539,0.7290489673614502,-0.0018697977405590649,0.0,1.0018788129091263,7.947286206899662e-08,-11.013741493225098,1.682133972644806,0.010616707993904129
695,S3_CASE_WAIT,3,-18.6000007542003,-6.200000286102295,-0.005149598582647741,-0.0008777503923438346,0.005791487405076623,0.716759204864502,-0.002621312936147646,0.0,1.0026333034038544,3.973643103449831e-08,-10.998543739318848,1.14684396982193,0.010487792002095375
696,S3_CASE_CLOSURE,3,-18.600000950000684,-6.200000762939453,-0.006798854214139283,-0.0011117856095852474,0.0029987026064191014,0.7186420112848282,0.0021167100057937205,0.0,0.9978927373886108,-3.973643103449831e-08,-11.002181053161621,4.093474507331848,0.010196708004514221
697,S3_CASE_FEASIBLE,3,-18.60000109159955,-6.200000762939453,-0.01332927099429071,-0.010514999506995082,0.008604633389040828,0.711658850312233,0.006532063125632703,0.0,0.9937011301517487,0.0,-11.011202812194824,3.128410518169403,0.010115666998899542
698,S3_CASE_WAIT,3,-18.60000111660047,-6.200000762939453,-0.023014221340417862,-0.01860579157558573,0.004957246535923332,0.6887053102254868,0.008152862545102835,0.0,0.9923142194747925,0.0,-11.007949829101562,3.643826723098755,0.010082041997520719
699,S3_CASE_CLOSURE,3,-18.600000470800296,-6.200000286102295,0.009272147086448967,0.007470303641942344,0.01680314657278359,0.6599730402231216,-0.008548428537324071,0.0,1.0086419582366943,4.470348358154297e-08,-10.994831085205078,2.485277831554413,0.009921208999003284
700,S3_CASE_FEASIBLE,3,-18.600001041699578,-6.200000286102295,-0.011472972866613418,-0.00691186502808705,0.004096548684174195,0.6609382033348083,0.006885886250529438,0.0,0.9932041764259338,-4.967053879312289e-09,-10.997977256774902,1.9657609164714813,0.010329374999855645
701,S3_CASE_WAIT,3,-18.600000470800296,-6.200000286102295,0.0006079886807128787,0.0011003563946960782,0.012498292839154601,0.6741514205932617,0.004230290767736733,0.0,0.9958049207925797,7.947286206899662e-08,-11.014052391052246,1.5872410535812378,0.010591416001261678
702,S3_CASE_CLOSURE,3,-18.60000082090046,-6.200000286102295,-0.0116584055358544,-0.009188249978858032,0.008303773822262883,0.6622042953968048,-0.009926110622473061,0.0,1.010079801082611,3.973643103449831e-08,-11.006892204284668,2.3550845980644226,0.010848459001863375
703,S3_CASE_FEASIBLE,3,-18.60000114169961,-6.200000762939453,0.006437922245822847,0.0025952979340218008,0.02051944797858596,0.6417099982500076,0.002550164858501347,0.0,0.9974736422300339,-7.947286206899662e-08,-10.990948677062988,2.407014012336731,0.01024262499413453
704,S3_CASE_WAIT,3,-18.600000600000204,-6.200000286102295,-0.008575945859774947,-0.004237935044026919,0.0042704321385826916,0.6473226994276047,0.007278680568560958,0.0,0.9927955567836761,3.973643103449831e-08,-10.99714183807373,1.4339248538017273,0.010119124999619089
705,S3_CASE_CLOSURE,3,-18.600000624999666,-6.200000286102295,-0.0008346030954271555,0.00030022858572920086,0.011021659942343831,0.6645661741495132,0.005762924789451063,0.0,0.9942812621593475,-7.947286206899662e-08,-11.01470947265625,1.037620186805725,0.010455834002641495
706,S3_CASE_FEASIBLE,3,-18.600000970900147,-6.200000762939453,-0.012343546142801642,-0.009300266858190298,0.0072592907317812205,0.667292520403862,-0.006004472554195672,0.0,1.0061104893684387,0.0,-11.004218101501465,4.329764366149902,0.01010154199320823
707,S3_CASE_WAIT,3,-18.600002133400267,-6.200000762939453,-0.009142787079326808,-0.011853451646553825,0.019046544330194592,0.6812607944011688,-0.009017407816523715,0.0,1.009442463517189,0.0,-10.991656303405762,2.9771734476089478,0.010248875005345326
708,S3_CASE_CLOSURE,3,-18.600000841600558,-6.200000286102295,0.004154355148784816,0.0063000512309372425,0.009805549867451191,0.7048471421003342,0.011555711350713871,0.0,0.9886095523834229,3.973643103449831e-08,-11.0015230178833,2.1452444195747375,0.010502709003048949
709,S3_CASE_FEASIBLE,3,-18.600000608400297,-6.200000286102295,-0.014115925063379109,-0.008653918048366904,0.0032267576752929017,0.7075386196374893,-0.007089058461133391,0.0,1.0072115659713745,-4.967053879312289e-09,-11.009791374206543,2.762297570705414,0.009822166997764725
710,S3_CASE_WAIT,3,-18.600001366700596,-6.200000762939453,-0.010873374063521624,-0.0073050014131395,0.006720185047015548,0.6928465962409973,0.015034983555476167,0.0,0.9852365553379059,0.0,-11.002586364746094,2.2423832416534424,0.009945874997356441
711,S3_CASE_CLOSURE,3,-18.60000143340003,-6.200000762939453,-0.02261912275571376,-0.023773695109412074,0.015917968936264515,0.6804412603378296,0.0034744045115076005,0.0,0.9971380680799484,0.0,-10.999462127685547,4.328251481056213,0.010349750002205838
712,S3_CASE_FEASIBLE,3,-18.600001437499305,-6.200000762939453,-0.004424874554388225,-0.010297533318711416,0.025222748517990112,0.6738715618848801,0.02138910683182349,0.0,0.979191467165947,3.973643103449831e-08,-11.006422996520996,2.0292659997940063,0.010089082999911625
713,S3_CASE_WAIT,3,-18.600000441699375,-6.200000286102295,0.0009486114140599966,-0.002304894228776,0.019963356899097562,0.6728173047304153,0.0010632872557234663,0.0,0.9989461749792099,-3.973643103449831e-08,-11.011695861816406,1.516720712184906,0.009199874999467283
714,S3_CASE_CLOSURE,3,-18.6000010415999,-6.200000762939453,0.0016724754823371768,0.0072561140016964565,0.0023520227332483046,0.6759649962186813,-0.0050440232347064295,0.0,1.0052624493837357,0.0,-11.008143424987793,3.983334481716156,0.010034250000899192
715,S3_CASE_FEASIBLE,3,-18.60000049579976,-6.200000286102295,-0.0025545271346345544,-0.0004432548980730644,0.009115880471654236,0.6669212728738785,-0.001979529818830983,0.0,1.0019854009151459,0.0,-10.99556827545166,1.023626759648323,0.010165499996219296
716,S3_CASE_WAIT,3,-18.600000466700294,-6.200000286102295,-0.009801171603612602,-0.004328842100221664,0.0024354141060030088,0.6690036803483963,-0.0013137658825144172,0.0,1.001340702176094,0.0,-11.003619194030762,0.9900309890508652,0.009845832995779347
717,S3_CASE_CLOSURE,3,-18.60000048330039,-6.200000286102295,-0.00030114781111478806,0.0037865812385764475,0.0051176892593503,0.6646573692560196,-0.0013949671993032098,0.0,1.0014075338840485,0.0,-11.00742244720459,1.3450568616390228,0.00976187500054948
718,S3_CASE_FEASIBLE,3,-18.600001254199743,-6.200000286102295,-0.024074916262179613,-0.018272477124508413,0.0018914131069323048,0.6748145371675491,-0.002737353235716,0.0,1.0030333399772644,3.973643103449831e-08,-11.004063606262207,5.458318114280701,0.010048542004369665
719,S3_CASE_WAIT,3,-18.60000058339938,-6.200000286102295,-0.004980422672815621,0.0014624495912967106,0.0009877082338789478,0.6936726570129395,0.007524589775130153,0.0,0.9925517737865448,-3.973643103449831e-08,-11.006823539733887,1.008429229259491,0.010610499994072597
720,S3_CASE_CLOSURE,3,-18.60000113749993,-6.200000762939453,-0.022709817974828184,-0.017838349333032966,0.004243987408699468,0.699346199631691,-0.01222804192608784,0.0,1.0126497000455856,0.0,-11.003340721130371,4.78828489780426,0.01022079199901782
721,S3_CASE_FEASIBLE,3,-18.600000679199727,-6.200000286102295,0.004091737326234579,0.005092034776073895,0.01218555448576808,0.7093074470758438,0.004483640077523887,0.0,0.9955496191978455,3.973643103449831e-08,-11.005477905273438,2.4093270301818848,0.010440916994411964
722,S3_CASE_WAIT,3,-18.600000558300234,-6.200000286102295,-0.015062491525895894,-0.01101809767230133,0.005971596110612154,0.7030191868543625,-0.010520140097166397,0.0,1.0107317864894867,0.0,-11.003975868225098,2.115967273712158,0.00962845899630338
723,S3_CASE_CLOSURE,3,-18.60000054580014,-6.200000286102295,-0.002361434046179056,0.0012960806780029088,0.006467110477387905,0.6891070157289505,-0.005698968889191747,0.0,1.0057672560214996,0.0,-10.996715545654297,1.5399906933307648,0.010042875001090579
724,S3_CASE_FEASIBLE,3,-18.600000575000013,-6.200000286102295,-0.0053813717677257955,-0.0042513980297371745,0.011672432185150683,0.6966190040111542,0.007842987736998097,0.0,0.9922436326742172,3.973643103449831e-08,-11.004814147949219,1.8379824459552765,0.010096334000991192
725,S3_CASE_WAIT,3,-18.600000533300044,-6.200000286102295,-0.006020190077833831,-0.004020879704816238,0.010249390354147181,0.7124006003141403,0.009307136060670018,0.0,0.9908446371555328,-3.973643103449831e-08,-11.014784812927246,1.131103590130806,0.010330583005270455
726,S3_CASE_CLOSURE,3,-18.60000093330018,-6.200000762939453,-0.009514681645669043,-0.007280605476504887,0.009942537551978603,0.7205345183610916,-0.003677258937386796,0.0,1.0037362575531006,0.0,-11.004246711730957,4.7578284740448,0.010295792002580129
727,S3_CASE_FEASIBLE,3,-18.600001829199755,-6.200000762939453,0.007228858768939972,-0.0015125250235241694,0.032101479824632406,0.730935588479042,-0.011809329114233158,0.0,1.011976808309555,0.0,-10.993550300598145,2.693033814430237,0.010813166998559609
728,S3_CASE_WAIT,3,-18.60000052089963,-6.200000286102295,-0.0004178601084277034,-0.0021610533005214094,0.018172369920648634,0.7342991828918457,-0.001375516226592488,0.0,1.001387283205986,0.0,-10.994830131530762,1.8791930675506592,0.009907125000609085
729,S3_CASE_CLOSURE,3,-18.600001100000373,-6.200000762939453,-0.0013176276115700603,0.004322963475715369,0.0034093040303559974,0.7345243245363235,0.005272189776102998,0.0,0.9947661012411118,0.0,-11.003779411315918,4.345902442932129,0.010018791996117216
730,S3_CASE_FEASIBLE,3,-18.60000054580014,-6.200000286102295,-0.002128082443960011,-0.0008900264707940586,0.012319048400968313,0.7397580295801163,0.0016589065101770828,0.0,0.9983488619327545,0.0,-11.014492988586426,1.3114100992679596,0.010077374994580168
731,S3_CASE_WAIT,3,-18.600001354199776,-6.200000762939453,-0.01696980302222073,-0.011621688919452922,0.003929943093680777,0.7313085496425629,0.0032586753271361957,0.0,0.9969164729118347,-3.973643103449831e-08,-11.006674766540527,3.373579442501068,0.010619041000609286
732,S3_CASE_CLOSURE,3,-18.60000142919889,-6.200000762939453,-0.019055675715208054,-0.021383152808994055,0.018934118328616023,0.7139582186937332,0.011601289190972253,0.0,0.9890799969434738,1.1920928955078125e-07,-10.993363380432129,3.9357187151908875,0.010320291999960318
733,S3_CASE_FEASIBLE,3,-18.600001354100094,-6.200000762939453,-0.01926693180575967,-0.019070873502641916,0.013466927921399474,0.6929522305727005,0.03669792382667403,0.0,0.9648561626672745,-3.973643103449831e-08,-10.992432594299316,3.3006476163864136,0.010383291002654005
734,S3_CASE_WAIT,3,-18.600000858300334,-6.200000286102295,-0.04308537527685985,-0.038853386106590726,0.004858967731706798,0.6661473512649536,0.016527791585152052,0.0,0.984928771853447,0.0,-10.99936294555664,5.755270600318909,0.009923917001287919
735,S3_CASE_CLOSURE,3,-18.60000123330028,-6.200000762939453,-0.006135220639407635,-0.0016182337397669944,0.0037018341245129704,0.6367904096841812,-0.007085263961926103,0.0,1.0071634650230408,0.0,-11.003926277160645,4.1840269565582275,0.010957749997032806
736,S3_CASE_FEASIBLE,3,-18.60000081670005,-6.200000286102295,-0.0038560478133149445,-0.002530558136641048,0.009794556652195752,0.6222768276929855,-0.0040957729070214555,0.0,1.004125028848648,7.450580596923828e-09,-11.010964393615723,2.772148013114929,0.010376625003118534
737,S3_CASE_WAIT,3,-18.600001112600147,-6.200000762939453,0.0016534884925931692,0.006923520161459251,0.0014921367692295462,0.6016099900007248,0.003622790138857468,0.0,0.9964375197887421,-5.4637592228345966e-08,-11.007357597351074,4.273604512214661,0.010461874997417908
738,S3_CASE_CLOSURE,3,-18.60000077079967,-6.200000286102295,-0.005782733904197812,-0.000996756658423692,0.002377522519964259,0.5974738597869873,0.002131084620486945,0.0,0.9978791624307632,0.0,-10.998339653015137,0.9221784770488739,0.010419958998681977
739,S3_CASE_FEASIBLE,3,-18.600000549999823,-6.200000286102295,-0.00764333235565573,-0.004195168730802834,0.0054120033455546945,0.6154165416955948,0.011568009736947715,0.0,0.9886663407087326,0.0,-11.007615089416504,0.9407093971967697,0.010219875002803747
740,S3_CASE_WAIT,3,-18.600000654200265,-6.200000286102295,-0.0013801847817376256,0.0027106802250882467,0.004346613073721528,0.6264171749353409,0.0026921331882476807,0.0,0.9973257482051849,-4.967053612858763e-08,-11.010284423828125,2.2386005520820618,0.010398457998235244
741,S3_CASE_CLOSURE,3,-18.60000056659992,-6.200000286102295,-0.0058255980256944895,-0.006509721434364568,0.013731818180531263,0.618178591132164,-0.009736279374919832,0.0,1.0099271833896637,-3.973643103449831e-08,-10.996837615966797,1.4059966802597046,0.010103624998009764
742,S3_CASE_FEASIBLE,3,-18.600000958399324,-6.200000762939453,-0.005473675671964884,-0.0030089915089774877,0.00720755779184401,0.6068463176488876,0.0054973463411442935,0.0,0.9945947229862213,0.0,-10.99509334564209,1.7205100655555725,0.0104148750033346
743,S3_CASE_WAIT,3,-18.600000929200178,-6.200000762939453,-0.017180525814183056,-0.019338078098371625,0.016171841183677316,0.5928368419408798,0.013423959724605083,0.0,0.9870954900979996,3.973643103449831e-08,-11.007782936096191,4.370826840400696,0.010149125002499204
744,S3_CASE_CLOSURE,3,-18.600000470800296,-6.200000286102295,0.002478829526808113,-0.0006009588469169103,0.017605050466954708,0.5722736865282059,-0.0029958882951177657,0.0,1.0030052065849304,7.947286206899662e-08,-11.013554573059082,1.4642173945903778,0.01061041700450005
745,S3_CASE_FEASIBLE,3,-18.60000127080057,-6.200000286102295,-0.008096118282992393,-0.0034732893254840747,0.0021188257524045184,0.5682242065668106,0.008999665617011487,0.0,0.991120770573616,3.973643103449831e-08,-11.009074211120605,6.05825674533844,0.010419916005048435
746,S3_CASE_WAIT,3,-18.600001324899495,-6.200000762939453,-0.01302219764329493,-0.009805267211049795,0.005203043692745268,0.5818452090024948,-0.004830420017242432,0.0,1.0049336850643158,0.0,-11.005660057067871,5.029486060142517,0.010695208999095485
747,S3_CASE_CLOSURE,3,-18.600001054199673,-6.200000762939453,-0.022549222805537283,-0.02447252006580447,0.015898456098511815,0.6025930643081665,-0.013385921871910789,0.0,1.0140270590782166,0.0,-11.003840446472168,4.0731576681137085,0.010351916003855877
748,S3_CASE_FEASIBLE,3,-18.600000600000204,-6.200000286102295,0.019797947723418474,0.010998864891007543,0.030038676224648952,0.6220254302024841,0.010811130438621142,0.0,0.9893582761287689,3.973643103449831e-08,-11.009028434753418,3.4310728907585144,0.01000900000508409
749,S3_CASE_WAIT,3,-18.60000052079995,-6.200000286102295,-0.017577075283043087,-0.017801911026860573,0.012970515294000506,0.6260422170162201,-0.012624482313792207,0.0,1.0130148828029633,0.0,-11.006081581115723,3.1056686639785767,0.010433999996166676
750,S3_CASE_CLOSURE,3,-18.600001470799906,-6.200000762939453,0.0017679863376542926,-0.0027573332760457703,0.021364036481827497,0.6156698912382126,0.024745613181342385,0.0,0.9760842323303223,-7.947286206899662e-08,-10.994029998779297,4.742498278617859,0.010411750001367182
751,S3_CASE_FEASIBLE,3,-18.600000875099795,-6.200000762939453,-0.005638621398247778,-0.014290369659041069,0.029232646338641644,0.5964575409889221,0.013501365901902318,0.0,0.9870505630970001,-2.9802322387695312e-08,-10.990524291992188,2.6937130093574524,0.011407124999095686
752,S3_CASE_WAIT,3,-18.60000108749955,-6.200000286102295,0.011673534289002419,0.004837624845094979,0.02523179119452834,0.5779986381530762,-0.004370192647911608,0.0,1.0043988525867462,0.0,-10.9949951171875,2.4741256833076477,0.011755125000490807
753,S3_CASE_CLOSURE,3,-18.60000079579986,-6.200000286102295,-0.0022183303954079747,-0.008962190787618285,0.025158196687698364,0.5835238099098206,0.008420547004789114,0.0,0.991731658577919,0.0,-11.01002025604248,1.8239674270153046,0.010263124997436535
754,S3_CASE_FEASIBLE,3,-18.60000065839995,-6.200000286102295,-0.0021744213299825788,-0.0033148278986727675,0.014154515054542571,0.5936850905418396,0.006782293397312955,0.0,0.9933344721794128,0.0,-11.018623352050781,0.8977358490228653,0.01001900000119349
755,S3_CASE_WAIT,3,-18.60000064169944,-6.200000286102295,0.01010432734619826,0.0001055300235748291,0.03178179659880698,0.5892101526260376,-0.0023597876061103307,0.0,1.0023699700832367,0.0,-10.999420166015625,2.0808507800102234,0.009980750000977423
756,S3_CASE_CLOSURE,3,-18.600001054100723,-6.200000762939453,0.008785370155237615,-0.004545380635439855,0.03834492294117808,0.5841710418462753,-0.006518870718233316,0.0,1.006642684340477,-3.973643103449831e-08,-10.986037254333496,3.900205612182617,0.009737458000017796
757,S3_CASE_FEASIBLE,3,-18.600000891699892,-6.200000762939453,-0.022458069841377437,-0.021374091583614696,0.009797250502742827,0.5982603132724762,-0.01473228159981499,0.0,1.0154564082622528,0.0,-10.99644947052002,3.547464370727539,0.010206999999354593
758,S3_CASE_WAIT,3,-18.600001441599307,-6.200000762939453,-0.0022658341331407428,-0.020589192785943844,0.049022833816707134,0.6188058406114578,-0.019941051878656246,0.0,1.0211889743804932,-9.934107758624577e-09,-11.017365455627441,2.3824698328971863,0.01043983300041873
759,S3_CASE_CLOSURE,3,-18.600001216699457,-6.200000762939453,0.005165119073353708,-0.015277442910398342,0.0533961271867156,0.6255501806735992,-0.015491703913236954,0.0,1.016189992427826,-1.9868215517249155e-08,-11.024494171142578,2.0699534118175507,0.011064958998758812
760,S3_CASE_FEASIBLE,3,-18.600000987500245,-6.200000762939453,-0.02566947415471077,-0.0355003671720624,0.03203232539817691,0.6185269206762314,-0.0002246896328870207,0.0,1.0012483894824982,-5.960464477539063e-08,-11.011825561523438,5.605950951576233,0.010750583998742513
761,S3_CASE_WAIT,3,-18.60000097919983,-6.200000762939453,-0.012100681313313544,-0.027287707043190945,0.042426977306604385,0.6026462763547897,-0.013395985122770071,0.0,1.0141033828258514,1.9868215517249155e-08,-11.00073528289795,2.6539830565452576,0.01045449999946868
762,S3_CASE_CLOSURE,3,-18.600000833300147,-6.200000286102295,0.03607618948444724,0.02211273228749633,0.039696887601166964,0.5884987711906433,0.023049702867865562,0.0,0.977721244096756,0.0,-11.004707336425781,4.752164006233215,0.010615999999572523
763,S3_CASE_FEASIBLE,3,-18.600001462499495,-6.200000762939453,-0.005802567000500858,-0.00560967137183388,0.01145127892959863,0.5918535143136978,0.0014713604759890586,0.0,0.9985818415880203,1.9868215517249155e-08,-11.005237579345703,2.019091248512268,0.010570124999503605
764,S3_CASE_WAIT,3,-18.600000533300044,-6.200000286102295,-0.0006847144104540348,0.003274823228518464,0.003950103477109224,0.5934589505195618,0.005734433885663748,0.0,0.994313046336174,-1.9868215517249155e-08,-11.007189750671387,4.346017122268677,0.010214082998572849
765,S3_CASE_CLOSURE,3,-18.600000491699756,-6.200000286102295,-0.0021987202344462276,0.0008553167184195409,0.005861444864422083,0.5984759479761124,0.0010289550070110565,0.0,0.9989950358867645,-7.947286206899662e-08,-11.00346851348877,2.563979744911194,0.010399957995105069
766,S3_CASE_FEASIBLE,3,-18.60000095840005,-6.200000762939453,-0.0038173114880919456,0.0010558701760601252,0.002016919694142416,0.5881641656160355,-0.0034698843373917043,0.0,1.0034855008125305,0.0,-11.004061698913574,2.3464319705963135,0.010015499996370636
767,S3_CASE_WAIT,3,-18.600001299899304,-6.200000762939453,-0.011874055489897728,-0.008852233528159559,0.0055283207329921424,0.5785982310771942,0.011946996324695647,0.0,0.9882863610982895,0.0,-10.999980926513672,2.77121365070343,0.009967415993742179
768,S3_CASE_CLOSURE,3,-18.60000136660019,-6.200000762939453,-0.02368436346296221,-0.025418846790368654,0.014824964571744204,0.567799910902977,0.026833097372825243,0.0,0.9743958115577698,0.0,-10.995631217956543,3.944604456424713,0.01035566700011259
769,S3_CASE_FEASIBLE,3,-18.60000172919972,-6.200000762939453,-0.008518226211890578,-0.02009145015229752,0.03425149619579315,0.5552524328231812,0.02209782561597784,0.0,0.9786208122968674,0.0,-10.989222526550293,4.516428470611572,0.011154749998240732
770,S3_CASE_WAIT,3,-18.60000111250047,-6.200000762939453,0.004077037679962814,0.000562354927144959,0.01783749565947801,0.5404065400362015,-0.002674718707567081,0.0,1.0026877224445343,3.973643103449831e-08,-10.98960018157959,1.6007176637649536,0.010836541994649451
771,S3_CASE_CLOSURE,3,-18.600001145799613,-6.200000762939453,-0.002364770043641329,-0.012479364483928279,0.030871435534209013,0.5321123450994492,-0.004461308417376131,0.0,1.004618763923645,7.947286206899662e-08,-11.010265350341797,2.1422362327575684,0.01033258400275372
772,S3_CASE_FEASIBLE,3,-18.60000064170017,-6.200000286102295,0.019320118124596775,0.0013584395443704267,0.04640577360987663,0.5241207927465439,0.0018931826343759894,0.0,0.9981321841478348,-1.9868215517249155e-08,-11.024788856506348,3.716429591178894,0.010372708995419089
773,S3_CASE_WAIT,3,-18.600000937499864,-6.200000286102295,-0.009198618354275823,-0.007316653771947124,0.006806406774558127,0.5285168141126633,-0.01530486298725009,0.0,1.0162210166454315,-3.973643103449831e-08,-11.013642311096191,2.1872105598449707,0.009710667000035755
774,S3_CASE_CLOSURE,3,-18.600001120799426,-6.200000762939453,-8.740671910345554e-05,-0.008970468654297292,0.028642584336921573,0.5438230335712433,0.007372379186563194,0.0,0.9927554428577423,3.973643103449831e-08,-11.001727104187012,2.3879706263542175,0.010411041999759618
775,S3_CASE_FEASIBLE,3,-18.600001220899866,-6.200000286102295,0.02867209119722247,0.00613730150507763,0.05610806681215763,0.5519244223833084,-0.011156678277378873,0.0,1.011313110589981,0.0,-10.993942260742188,6.62623405456543,0.010435874995891936
776,S3_CASE_WAIT,3,-18.600001379101016,-6.200000762939453,0.002574818325228989,-0.012420992172945233,0.041159121319651604,0.5583750456571579,-0.028678149140128895,0.0,1.0300958305597305,-5.960464477539063e-08,-10.998122215270996,2.111452639102936,0.01060779199906392
777,S3_CASE_CLOSURE,3,-18.600001129199516,-6.200000762939453,0.02357687195762992,-0.004797304640911992,0.06807985249906778,0.5665750652551651,0.01592328166589141,0.0,0.984413668513298,-3.973643103449831e-08,-11.015728950500488,4.323061466217041,0.011048041997128166
778,S3_CASE_FEASIBLE,3,-18.60000127920066,-6.200000762939453,0.022056404617615044,-0.0027235002344241366,0.06077292002737522,0.5606555044651031,-0.0021047393674962223,0.0,1.0021194219589233,3.973643103449831e-08,-11.02514934539795,2.9323243498802185,0.010555957996984944
779,S3_CASE_WAIT,3,-18.60000109169923,-6.200000762939453,-0.013518839608877897,-0.019184873516982393,0.022369919577613473,0.5518926084041595,0.001428902122521336,0.0,0.9988693594932556,0.0,-11.010565757751465,2.5212182998657227,0.010388000002421904
780,S3_CASE_CLOSURE,3,-18.60000104590072,-6.200000286102295,0.02038778644055128,-0.005275666616701535,0.06217203848063946,0.5422566086053848,0.014853278485436938,0.0,0.9864640235900879,0.0,-10.98571491241455,2.6945667266845703,0.01024716699612327
781,S3_CASE_FEASIBLE,3,-18.600000704200646,-6.200000286102295,0.004640369676053524,-0.0029981875559315085,0.025870863581076264,0.5296874791383743,0.019908140180632472,0.0,0.9809436649084091,-7.947286206899662e-08,-10.985581398010254,1.5183413624763489,0.010491250002814922
782,S3_CASE_WAIT,3,-18.600000966699735,-6.200000762939453,0.004296717932447791,-0.016704012717431382,0.05248359451070428,0.5241066664457321,-0.005194862722419202,0.0,1.0054589807987213,7.947286206899662e-08,-11.012717247009277,2.352351486682892,0.009963791002519429
783,S3_CASE_CLOSURE,3,-18.600001095899643,-6.200000762939453,0.028875544434413314,-0.0026750266163917402,0.07346041314303875,0.517963632941246,-0.0023083487855419804,0.0,1.0023424178361893,2.9802322387695312e-08,-11.028836250305176,1.904479205608368,0.010346834002120886
784,S3_CASE_FEASIBLE,3,-18.600000895799894,-6.200000762939453,0.0020039279479533434,-0.0020521233842982767,0.018346826313063502,0.5117361843585968,-0.0019002357730641961,0.0,1.0019095242023468,2.9802322387695312e-08,-11.013405799865723,1.4025099575519562,0.010194624999712687
785,S3_CASE_WAIT,3,-18.600001408400566,-6.200000762939453,-0.011799457715824246,-0.016227677852537425,0.01892685075290501,0.5035205483436584,-0.0011284152763746391,0.0,1.0013441145420074,-3.973643103449831e-08,-10.995392799377441,2.2428611516952515,0.010477750001882669
786,S3_CASE_CLOSURE,3,-18.60000134169968,-6.200000762939453,-0.01234828878659755,-0.016301575349643826,0.017813456710428,0.4953441545367241,0.005434751568827778,0.0,0.9950897991657257,9.934107758624577e-09,-11.003474235534668,1.3701343834400177,0.010488250001799315
787,S3_CASE_FEASIBLE,3,-18.600001333298863,-6.200000762939453,-0.009399537928402424,-0.022600794288639925,0.036139716394245625,0.4868602082133293,-0.03768076576913337,0.0833333358168602,1.040402665734291,1.9868215517249155e-08,-11.017390251159668,1.9350031316280365,0.010330499993870035
788,S3_CASE_WAIT,3,-18.600001083299865,-6.200000762939453,0.005034891772083938,0.0025755043025128543,0.014522554643917829,0.4801889806985855,0.0020931363105773926,0.0,0.9979285448789597,0.0,-11.018501281738281,1.8488045930862427,0.010135249998711515
789,S3_CASE_CLOSURE,3,-18.60000094999996,-6.200000762939453,0.0029298372101038694,-0.0019195687491446733,0.01924387994222343,0.47725341469049454,0.0005486011505126953,0.0,0.9994657337665558,2.384185791015625e-07,-10.99670696258545,2.8217196464538574,0.01027958399936324
790,S3_CASE_FEASIBLE,3,-18.600001675000385,-6.200000762939453,-0.022627570782788098,-0.02225645910948515,0.008613041587523185,0.4677632302045822,0.02100942493416369,0.0,0.9803563207387924,0.0,-10.992209434509277,3.573465406894684,0.009740749999764375
791,S3_CASE_WAIT,3,-18.600001683399753,-6.200000762939453,-0.030406616628170013,-0.03369144583120942,0.015511000761762261,0.4470670819282532,-0.026075700763612986,0.0,1.027509480714798,0.0,-11.006263732910156,3.1274476051330566,0.009947958998964168
792,S3_CASE_CLOSURE,3,-18.6000015957994,-6.200000762939453,0.007418262888677418,-0.030450728256255388,0.0840715216472745,0.41667699068784714,-0.023318132385611534,0.0,1.024429738521576,0.0,-11.024951934814453,2.7428921461105347,0.01038712500303518
793,S3_CASE_FEASIBLE,3,-18.600001125000563,-6.200000762939453,0.054242135025560856,0.012257071677595377,0.09178936667740345,0.39096197485923767,0.008299569366499782,0.0,0.9918553829193115,0.0,-11.032768249511719,5.072540879249573,0.010571415994490962
794,S3_CASE_WAIT,3,-18.60000129999971,-6.200000762939453,0.013036405434831977,0.0025195802251498645,0.02887209365144372,0.3919221758842468,0.0016563733661314473,0.0,0.998350515961647,0.0,-11.01776123046875,2.0492749214172363,0.010759750002762303
795,S3_CASE_CLOSURE,3,-18.60000097910015,-6.200000762939453,0.004176675109192729,-0.0013684903412176652,0.018794624134898186,0.3852146789431572,-0.0019682248433419147,0.0,1.0019910335540771,0.0,-11.004268646240234,3.4366122484207153,0.01055320900195511
796,S3_CASE_FEASIBLE,3,-18.6000014207988,-6.200000762939453,0.0051255684229545295,0.00021776929437056225,0.01759582234080881,0.3890112191438675,0.002795735956169665,0.0,0.9972239881753922,2.7318796114172983e-08,-10.992972373962402,0.9186749756336212,0.010361958004068583
797,S3_CASE_WAIT,3,-18.600001812499247,-6.200000762939453,-0.006938675534911454,-0.0060173597012180835,0.005872794106835499,0.38577131927013397,-0.004648625908885151,0.0,1.0048412680625916,0.0,-11.002076148986816,3.1447051763534546,0.010571540995442774
798,S3_CASE_CLOSURE,3,-18.600001099999645,-6.200000762939453,0.009581849561072886,0.005145095327558691,0.01679994002915919,0.3963215798139572,-0.0047247608890756965,0.0,1.0047774910926819,0.0,-11.008708953857422,2.7586676478385925,0.010381333995610476
799,S3_CASE_FEASIBLE,3,-18.60000169999985,-6.200000762939453,0.001126857241615653,-0.0011027058062609285,0.012468786793760955,0.40048305690288544,0.00397757685277611,0.0,0.996064305305481,0.0,-11.012298583984375,1.198043704032898,0.010211708999122493
800,S3_CASE_WAIT,3,-18.6000013416,-6.200000762939453,-0.014613319712225348,-0.023314858631541036,0.02581973886117339,0.4208330661058426,0.019969801418483257,0.0,0.9808155447244644,-3.973643103449831e-08,-10.99923324584961,2.571319341659546,0.010003625000535976
801,S3_CASE_CLOSURE,3,-18.60000094999996,-6.200000762939453,0.03928972082212567,0.00884408697796335,0.06963971350342035,0.4374223053455353,-0.0060310958651825786,0.0,1.0061276257038116,3.973643103449831e-08,-10.980265617370605,3.8948031663894653,0.010625416995026171
802,S3_CASE_FEASIBLE,3,-18.600001533399336,-6.200000762939453,-0.015175490640103817,-0.01843151551050326,0.015193322178674862,0.43406370282173157,0.014280835321795138,0.0,0.986307293176651,0.0,-10.987064361572266,4.39975118637085,0.0105460420018062
803,S3_CASE_WAIT,3,-18.60000159159972,-6.200000762939453,-0.009340177581179887,-0.013426587063197992,0.016535008588107303,0.4181095063686371,-0.01595089817419648,0.0,1.016489565372467,-3.973643103449831e-08,-11.007075309753418,1.879263460636139,0.01040679200377781
804,S3_CASE_CLOSURE,3,-18.60000151669956,-6.200000762939453,0.008931015501730144,-0.01706874005807002,0.0599213819950819,0.39609356224536896,-0.014239887008443475,0.0,1.0146588683128357,7.947286206899662e-08,-11.023639678955078,2.3829288482666016,0.010572749997663777
805,S3_CASE_FEASIBLE,3,-18.600001583300035,-6.200000762939453,0.012185164610855281,-0.013308388491470424,0.05845736060291529,0.37351276725530624,-0.010493238728182419,0.0,1.0107171386480331,-3.973643103449831e-08,-11.026222229003906,2.120342254638672,0.01050379200023599
806,S3_CASE_WAIT,3,-18.600001862399225,-6.200000762939453,0.0026652662781998515,-0.012629787049566854,0.03755302540957928,0.3481459617614746,-0.01014596235472709,0.0,1.0103508830070496,0.0,-11.018306732177734,1.7332564890384674,0.010265500000969041
807,S3_CASE_CLOSURE,3,-18.60000145829981,-6.200000762939453,0.023455959744751453,0.014216572046279907,0.02491564815863967,0.3218436613678932,0.009626646836598418,0.0,0.99058398604393,-3.973643103449831e-08,-11.011260032653809,4.7717461585998535,0.010365707996243145
808,S3_CASE_FEASIBLE,3,-18.60000211229926,-6.200000762939453,0.0031313131330534816,-0.0008655091126761327,0.014324948890134692,0.31656523793935776,-0.0022485852059617173,0.0,1.0022611021995544,1.9868215517249155e-08,-10.998888969421387,1.234876662492752,0.0107755420031026
809,S3_CASE_WAIT,3,-18.60000127069943,-6.200000762939453,-0.007514087250456214,-0.008820027345791459,0.008374970289878547,0.2881545126438141,-0.009639342897571623,0.0,1.0098234117031097,0.0,-11.003695487976074,1.0520076751708984,0.010363542001869064
810,S3_CASE_CLOSURE,3,-18.60000099159952,-6.200000762939453,0.01675462885759771,0.009579351870343089,0.019582080654799938,0.2615763992071152,0.008798311076437138,0.0,0.9913655072450638,-3.973643103449831e-08,-11.017992973327637,4.425926685333252,0.010341792003600858
811,S3_CASE_FEASIBLE,3,-18.600001266699838,-6.200000762939453,-0.0005222857580520213,0.0008101239654934034,0.0026738436426967382,0.2669331580400467,0.001990159333217889,0.0,0.9980171173810959,0.0,-11.009563446044922,0.5419361740350723,0.009868624998489395
812,S3_CASE_WAIT,3,-18.60000142909994,-6.200000762939453,-0.0005558054836001247,0.0009724634340573246,0.0021891108772251755,0.26228243112564087,-0.0007971922605065629,0.0,1.0007984936237335,3.973643103449831e-08,-10.999610900878906,0.9876366257667542,0.010251416999381036
813,S3_CASE_CLOSURE,3,-18.60000159159972,-6.200000762939453,-0.005964706826489419,-0.005710671248380095,0.0049450809601694345,0.2726576253771782,0.004582643567118794,0.0,0.9954633414745331,0.0,-10.999500274658203,1.109243094921112,0.010158834003959782
814,S3_CASE_FEASIBLE,3,-18.600001375000282,-6.200000762939453,-0.007262407511007041,-0.010662679909728467,0.012772192247211933,0.29858236014842987,0.008433182840235531,0.0,0.99171581864357,0.0,-10.9964017868042,1.3415583074092865,0.01013283299835166
815,S3_CASE_WAIT,3,-18.600001337501453,-6.200000762939453,-0.008397690195124596,-0.015178198538099874,0.020179638639092445,0.3309311419725418,0.01225121843162924,0.0,0.9880577772855759,3.973643103449831e-08,-10.994402885437012,1.6272394061088562,0.010313209000742063
816,S3_CASE_CLOSURE,3,-18.6000008873998,-6.200000762939453,0.00806330912746489,0.0026925305913518827,0.01793378754518926,0.35961153358221054,-0.033762752544134855,0.0,1.035181999206543,-7.947286206899662e-08,-10.99322509765625,4.818387269973755,0.009963041004084516
817,S3_CASE_FEASIBLE,3,-18.600001233399233,-6.200000762939453,-0.0067341161193326116,-0.00510981189048243,0.004213815613184124,0.3731212019920349,0.005773067532572895,0.0,0.9942964762449265,0.0,-11.002739906311035,1.907960832118988,0.009887167005217634
818,S3_CASE_WAIT,3,-18.600001241599966,-6.200000762939453,-0.020925520977471024,-0.01964052176723885,0.00543288147309795,0.40014398097991943,0.01961807394400239,0.0,0.9811441898345947,0.0,-11.003462791442871,1.9959362149238586,0.009878583005047403
819,S3_CASE_CLOSURE,3,-18.60000092090049,-6.200000762939453,0.023406181135214865,0.017160512506961823,0.02098275627940893,0.4245709627866745,-0.010872463385263487,0.0,1.0111828595399857,0.0,-10.99172592163086,3.7483323216438293,0.010557792003965005
820,S3_CASE_FEASIBLE,3,-18.600002095899256,-6.200000762939453,-0.0067285868572071195,-0.005181538523174822,0.005521298095118254,0.43076974898576736,0.0044719179859384894,0.0,0.9955785274505615,0.0,-10.995712280273438,2.9114912152290344,0.011006790999090299
821,S3_CASE_WAIT,3,-18.600001516699557,-6.200000762939453,-0.025354627694468945,-0.024891768970215722,0.007886696606874466,0.4406207725405693,0.02103626704774797,0.0,0.9798626899719238,1.1920928955078125e-07,-10.999534606933594,2.985430598258972,0.010641332999512088
822,S3_CASE_CLOSURE,3,-18.600001283500752,-6.200000762939453,-0.025914696278050542,-0.03913243627175689,0.03541148081421852,0.4488000273704529,0.03345515221978168,0.0,0.9687174260616302,0.0,-10.992633819580078,3.301528215408325,0.010317791995476
823,S3_CASE_FEASIBLE,3,-18.600001033299485,-6.200000762939453,0.03536238707602024,0.011014824034646153,0.05768285132944584,0.44938625395298004,-0.005680978298187256,0.0,1.0057909190654755,0.0,-10.983296394348145,2.950133502483368,0.010370249998231884
824,S3_CASE_WAIT,3,-18.60000131659981,-6.200000762939453,-0.0054430695017799735,-0.010834460379555821,0.019798645982518792,0.45079323649406433,0.0060879389639012516,0.0,0.9940464943647385,0.0,-10.99359130859375,2.386934220790863,0.01021904099616222
825,S3_CASE_CLOSURE,3,-18.60000102079939,-6.200000762939453,0.012169996509328485,0.001191008811777472,0.031068249605596066,0.455513671040535,0.005955656175501645,0.0,0.9941203445196152,3.973643103449831e-08,-11.016999244689941,1.2756942212581635,0.010174999995797407
826,S3_CASE_FEASIBLE,3,-18.600001366599464,-6.200000762939453,-0.005278778611682355,-0.00450168922301053,0.007677158806473017,0.46156687289476395,-0.0036359231253300095,0.0,1.0036936402320862,7.947286206899662e-08,-11.014198303222656,3.2150986194610596,0.010179791999689769
827,S3_CASE_WAIT,3,-18.60000131659981,-6.200000762939453,0.00361500377766788,0.002662186898913177,0.011187828611582518,0.46410971879959106,0.0020807385250609656,0.0,0.9979282468557358,0.0,-11.007061004638672,2.7583345770835876,0.010679624996555503
828,S3_CASE_CLOSURE,3,-18.600001466699176,-6.200000762939453,0.002276447950862348,-0.0018124382137703066,0.017480935202911496,0.4651581570506096,-0.0027101438123882104,0.0,1.0027443766593933,0.0,-10.998631477355957,2.2418583631515503,0.010212041001068428
829,S3_CASE_FEASIBLE,3,-18.600001337500725,-6.200000762939453,-0.019006627961061895,-0.022275781879822265,0.01572628249414265,0.45939870178699493,-0.023622830864042044,0.0,1.024781197309494,3.973643103449831e-08,-11.002827644348145,2.6208272576332092,0.010070834003272466
830,S3_CASE_WAIT,3,-18.60000102920021,-6.200000762939453,0.03255873010493815,0.014324774499982595,0.04543146304786205,0.4481774866580963,0.008791645290330052,0.0,0.9914081394672394,-7.947286206899662e-08,-11.019340515136719,3.7818934321403503,0.010130875001777895
831,S3_CASE_CLOSURE,3,-18.60000127490057,-6.200000762939453,0.008077576174400747,-0.0016095190949272364,0.02829934749752283,0.4462578594684601,-0.0014099081454332918,0.0,1.0014187693595886,0.0,-11.019404411315918,2.9033148884773254,0.010042166002676822
832,S3_CASE_FEASIBLE,3,-18.60000197089903,-6.200000762939453,-0.0017228187061846256,-0.005618522554868832,0.01663560257293284,0.44220974296331406,-0.004591186880134046,0.0,1.0046470761299133,0.0,-11.01452350616455,5.054447770118713,0.011048374995880295
833,S3_CASE_WAIT,3,-18.600001041600624,-6.200000762939453,-0.010275699314661324,-0.010057740340319699,0.008524850592948496,0.44803842157125473,-0.0066118238610215485,0.0,1.0067572593688965,0.0,-11.007877349853516,3.21607506275177,0.010480457996891346
834,S3_CASE_CLOSURE,3,-18.600001029099804,-6.200000762939453,0.0041014301823452115,0.0012383907839339514,0.014880082570016384,0.4577002078294754,-0.0033085147733800113,0.0,1.0033339858055115,8.940696716308594e-08,-10.993946075439453,1.1406328231096268,0.010848707999684848
835,S3_CASE_FEASIBLE,3,-18.60000167089966,-6.200000762939453,-0.0029154017101973295,0.0007183055276982486,0.001866089296527207,0.4566751942038536,-0.0007979074725881219,0.0,1.0008041709661484,0.0,-11.001111030578613,2.361781597137451,0.010380709005403332
836,S3_CASE_WAIT,3,-18.60000127910025,-6.200000762939453,-0.016239084885455668,-0.013847820460796356,0.0045025344006717205,0.4642532393336296,0.019955098240947322,0.0,0.9808637201786041,7.947286206899662e-08,-11.00711727142334,1.8012626469135284,0.009785624999494758
837,S3_CASE_CLOSURE,3,-18.600001150099704,-6.200000762939453,0.016345234704203904,0.011960714900244085,0.018217488890513778,0.4724224656820297,-0.006627539910065039,0.0,1.0067557245492935,3.973643103449831e-08,-10.996299743652344,3.0261409282684326,0.010194666996540036
838,S3_CASE_FEASIBLE,3,-18.600001295799302,-6.200000286102295,-0.012348436517640948,-0.014039901240417763,0.012906692223623395,0.47618819773197174,-0.00583883120755857,0.0,1.006150171160698,3.973643103449831e-08,-10.996428489685059,7.3669596910476685,0.0101877080014674
839,S3_CASE_WAIT,3,-18.600000887500208,-6.200000762939453,-0.00024401734117418528,0.0011128982005175203,0.006999349338002503,0.48565904796123505,0.0010705987951951101,0.0,0.9989355504512787,0.0,-10.99631404876709,2.736825168132782,0.01032620799378492
840,S3_CASE_CLOSURE,3,-18.600001283400342,-6.200000762939453,-0.018498889170587063,-0.016160220140591264,0.005118936427606968,0.48981377482414246,0.010557194706052542,0.0,0.9897765070199966,0.0,-11.003063201904297,2.465001881122589,0.010350457996537443
841,S3_CASE_FEASIBLE,3,-18.60000125000006,-6.200000762939453,-0.013483007089234889,-0.031838322834421895,0.04640915524214506,0.4849262535572052,-0.02442973805591464,0.0,1.0256774127483368,0.0,-11.017918586730957,3.28960382938385,0.010221250005997717
842,S3_CASE_WAIT,3,-18.600001104200054,-6.200000762939453,0.04854349512606859,0.013268130676200585,0.08003867603838444,0.4743972569704056,0.00900636101141572,0.0,0.9911813586950302,-7.947286206899662e-08,-11.028943061828613,4.1127782464027405,0.010556167006143369
843,S3_CASE_CLOSURE,3,-18.600001908301053,-6.200000762939453,-0.0015120238531380892,-0.014461040768462219,0.03550535114482045,0.48036591708660126,-0.008407314424403012,0.0,1.008643090724945,3.973643103449831e-08,-11.021183967590332,5.1191394329071045,0.010332499994547106
844,S3_CASE_FEASIBLE,3,-18.600001283400342,-6.200000762939453,0.007361297379247844,0.0014170408224645215,0.021736685186624527,0.4924086332321167,0.0015381574630737305,0.0,0.998469278216362,3.973643103449831e-08,-11.003535270690918,2.2746204137802124,0.010289750003721565
845,S3_CASE_WAIT,3,-18.600001124999835,-6.200000286102295,-0.04882831987924874,-0.04961106802026549,0.011264539789408445,0.4849521517753601,0.015888472630953387,0.0,0.9864684492349625,5.960464477539063e-08,-11.000544548034668,7.20586371421814,0.010443416998896282
846,S3_CASE_CLOSURE,3,-18.60000166249956,-6.200000762939453,-0.027840117225423455,-0.03793554023529122,0.029319796478375793,0.456447497010231,0.0062822699546813965,0.0,0.9955989122390747,3.973643103449831e-08,-11.012989044189453,4.27121114730835,0.010616624997055624
847,S3_CASE_FEASIBLE,3,-18.600001670799248,-6.200000762939453,0.01874103071168065,-0.013826377612228491,0.07351990789175034,0.4192545711994171,-0.013917108299210668,0.0,1.0142694115638733,3.973643103449831e-08,-11.027149200439453,2.2349976301193237,0.0106625000044005
848,S3_CASE_WAIT,3,-18.60000163339937,-6.200000762939453,0.006948573747649789,-0.006794162055788533,0.035361160757020116,0.39378443360328674,-0.00701687737212886,0.0,1.007110744714737,0.0,-11.025713920593262,1.6660255193710327,0.010401457999250852
849,S3_CASE_CLOSURE,3,-18.60000140409975,-6.200000762939453,-0.00043350044870749116,-0.0009017065191692097,0.008498225477524102,0.37809067964553833,-0.0010369817052069408,0.0,1.0010475516319275,-3.973643103449831e-08,-11.009963035583496,5.0096046924591064,0.010454291994392406
850,S3_CASE_FEASIBLE,3,-18.600001920900105,-6.200000762939453,0.007863358361646533,0.0002486128384280306,0.022727131377905607,0.3748820498585701,-0.0028399626608006656,0.0,1.0028581321239471,7.698933046640377e-08,-10.992871284484863,1.0980820506811142,0.010681667001335882
851,S3_CASE_WAIT,3,-18.600000875000113,-6.200000762939453,-0.0011053221533074975,-0.00020495181342994329,0.0052841979668301065,0.35424695163965225,0.020633230839544936,0.0,0.9803498238325119,-1.2417634698280722e-09,-10.998976707458496,0.5033251084387302,0.01016962499852525
852,S3_CASE_CLOSURE,3,-18.60000153340006,-6.200000762939453,-0.001268307853024453,-0.0015488217322854325,0.007419699977617711,0.34293361008167267,-0.0019380649027880281,0.0,1.0019466578960419,-1.9868215517249155e-08,-11.013172149658203,0.9426705688238144,0.010566666001977865
853,S3_CASE_FEASIBLE,3,-18.600001358300503,-6.200000762939453,-0.016184867941774428,-0.01374832304039364,0.001698701351415366,0.3285895809531212,0.006268998084124178,0.0,0.9940876960754395,3.973643103449831e-08,-11.007807731628418,3.6215909719467163,0.010481291996256914
854,S3_CASE_WAIT,3,-18.600001350000092,-6.200000762939453,-0.008960190956713632,-0.008360107662156224,0.00472285773139447,0.29615122079849243,-0.007367452024482191,0.0,1.007471352815628,0.0,-11.007247924804688,0.9371325820684433,0.010512082997593097
855,S3_CASE_CLOSURE,3,-18.600001762599277,-6.200000762939453,-0.004914872406516224,-0.007180174191792954,0.009686655597761273,0.2578025907278061,-0.005948662757873535,0.0,1.0060143172740936,0.0,-11.011955261230469,0.8314846903085709,0.01132008399872575
856,S3_CASE_FEASIBLE,3,-18.60000206679906,-6.200000762939453,-0.004863029927946627,-0.005197972039847176,0.005169577663764358,0.22498466074466705,-0.004494289576541632,0.0,1.004531443119049,-3.973643103449831e-08,-11.009971618652344,0.6297032237052917,0.011035750001610722
857,S3_CASE_WAIT,3,-18.60000143760044,-6.200000762939453,-0.005960097827482969,-0.004946917334260892,0.0018119304440915585,0.19191459193825722,-0.004324138164520264,0.0,1.0043585002422333,-3.973643103449831e-08,-11.006699562072754,0.47761980444192886,0.010065916998428293
858,S3_CASE_CLOSURE,3,-18.600001874999727,-6.200000762939453,-0.004502356983721256,-0.003280618111602962,0.0007964399555930868,0.16199589148163795,-0.0030122597624231418,0.0,1.0030289739370346,-3.973643103449831e-08,-11.007521629333496,0.3454694598913193,0.010146749998966698
859,S3_CASE_FEASIBLE,3,-18.600001658300606,-6.200000762939453,-0.004110395675525069,-0.0028683915734291077,0.0002814829167618882,0.13827456533908844,-0.0023602843769676696,0.0,1.0023708641529083,0.0,-11.0048246383667,0.2815420553088188,0.010156249998544808
860,S3_CASE_WAIT,3,-18.600001608399907,-6.200000762939453,-0.02911766746547073,-0.02859304379671812,0.0013114186585880816,0.11803321354091167,0.03333055949769914,0.0833333358168602,0.9697541743516922,0.0,-11.006342887878418,2.9265504106879234,0.010529082996072248
861,S3_CASE_CLOSURE,3,-18.600001649999466,-6.200000762939453,-0.001241117701283656,-0.0008430952827138682,0.0012467227934394032,0.10213838145136833,-0.001055399581673555,0.0,1.0010568499565125,-3.973643103449831e-08,-11.006800651550293,0.19872427359223366,0.010458374999871012
862,S3_CASE_FEASIBLE,3,-18.600001291599618,-6.200000762939453,-0.0015104796475498006,-0.000767856850870885,0.000340200091159204,0.09127229265868664,-0.0008160670840879902,0.0,1.0008170306682587,0.0,-11.004496574401855,0.16800152882933617,0.010091124997416046
863,S3_CASE_WAIT,3,-18.60000146250095,-6.200000762939453,-0.0006970671092858538,-5.9479536503204145e-05,0.0003932267318305094,0.08342009410262108,-0.00047818820166867226,0.0,1.0004785358905792,2.4835269396561444e-09,-11.00534725189209,0.09461970161646605,0.010622082998452242
864,S3_CASE_CLOSURE,3,-18.60000192499938,-6.200000762939453,-0.00039052003558026627,0.0003061393933121437,0.00018503864339436404,0.07891787961125374,-0.0002814928666339256,0.0,1.0002816319465637,-3.973643103449831e-08,-11.002951622009277,0.13742272183299065,0.010440540994750336
865,S3_CASE_FEASIBLE,3,-18.60000155829912,-6.200000762939453,-0.0006680859514744952,5.5496891036455054e-05,8.838763096719049e-05,0.07677766680717468,-9.294351002608892e-05,0.0,1.0000929236412048,0.0,-11.003585815429688,0.1085126418620348,0.010676249999960419
866,S3_CASE_WAIT,3,-18.600001283300664,-6.200000762939453,-0.0008191579108824953,-9.286900331062498e-05,7.941278090584092e-05,0.07659953087568283,3.989537572124391e-05,0.0,0.9999601095914841,0.0,-11.003666877746582,0.10748284682631493,0.010408082998765167
867,S3_CASE_CLOSURE,3,-18.600001345799683,-6.200000762939453,-0.0008579481655033305,-0.00013558069561714348,0.00010483259575266857,0.07747837901115417,0.0001140435542765772,0.0,0.9998859763145447,-3.973643103449831e-08,-11.003421783447266,0.11531420238316059,0.01011270799790509
868,S3_CASE_FEASIBLE,3,-18.600001358400185,-6.200000762939453,-0.013315021700691432,-0.012658096849918365,0.00024722844318603165,0.07805392891168594,0.012771487546462623,0.0,0.9876864403486252,0.0,-11.003561973571777,4.127283990383148,0.010450417001266032
869,S3_CASE_WAIT,3,-18.600001316700215,-6.200000762939453,-0.0004159600066486746,-8.97049922059523e-05,0.0008347117254743353,0.07436108961701393,-0.00021660328275174834,0.0,1.0002166330814362,1.9868215517249155e-08,-11.007184028625488,0.1883466113358736,0.011004707994288765
870,S3_CASE_CLOSURE,3,-18.600001787599467,-6.200000762939453,-0.0005996976105961949,-5.958477580270127e-05,0.00036405327045940794,0.07221394963562489,-0.00017925103566085454,0.0,1.0001792907714844,1.9868215517249155e-08,-11.003334999084473,0.13446157425642014,0.010555334003583994
871,S3_CASE_FEASIBLE,3,-18.60000152909997,-6.200000762939453,-0.0006364700384438038,-9.134908214036841e-05,0.0002953701223304961,0.0692806039005518,-0.00019570191579987295,0.0,1.0001957416534424,-5.960464477539063e-08,-11.004918098449707,0.12267865426838398,0.010252791005768813
872,S3_CASE_WAIT,3,-18.600001929199788,-6.200000762939453,-0.0007764175243210047,-0.00013578931369284675,6.540829008372384e-05,0.06733323633670807,-0.00015131632426346187,0.0,1.0001513361930847,-3.973643103449831e-08,-11.00447940826416,0.12446805648505688,0.01046525000128895
873,S3_CASE_CLOSURE,3,-18.6000013749006,-6.200000762939453,-0.0007731102814432234,-0.00023970256612892982,0.00022634830565948505,0.06465818919241428,-0.00021096070850035176,0.0,1.0002110004425049,-3.973643103449831e-08,-11.004585266113281,0.1195218451321125,0.010238582995953038
874,S3_CASE_FEASIBLE,3,-18.600001270799837,-6.200000762939453,-0.0007424901705235243,-0.00015459457730093717,7.690600250498392e-05,0.06263486109673977,-0.00013005733308091294,0.0,1.0001300871372223,3.973643103449831e-08,-11.005245208740234,0.10144701600074768,0.010298959001374897
875,S3_CASE_WAIT,3,-18.600001424999938,-6.200000762939453,-0.0005822699458803982,4.546095965451968e-06,3.936646453439607e-05,0.06064992677420378,-0.0001481771450926317,0.0,1.000148206949234,1.4901161193847656e-08,-11.004066467285156,0.030526411719620228,0.010245917001157068
876,S3_CASE_CLOSURE,3,-18.600001312500535,-6.200000762939453,-0.0006161760247778147,-2.8893351705860937e-05,7.475681144342161e-06,0.05910205189138651,-9.922186472977046e-05,0.0,1.0000992119312286,-6.953874986947994e-08,-11.004295349121094,0.024058261886239052,0.010545416997047141
877,S3_CASE_FEASIBLE,3,-18.600001641699784,-6.200000762939453,-0.0006459642027039081,-9.130438108240213e-05,4.623535369319143e-05,0.05777775216847658,-9.930133637681138e-05,0.0,1.0000993013381958,3.973643103449831e-08,-11.004212379455566,0.07190396636724472,0.010686458001146093
878,S3_CASE_WAIT,3,-18.600001375000282,-6.200000762939453,-0.0006457415292970836,-9.675448078905191e-05,3.48650414707663e-05,0.056641957722604275,-7.502237804146716e-05,0.0,1.0000750124454498,3.973643103449831e-08,-11.004801750183105,0.07061145268380642,0.01034066700231051
879,S3_CASE_CLOSURE,3,-18.600001458299815,-6.200000762939453,-0.000550975906662643,-1.1391937770888205e-05,3.379317013241234e-05,0.05564805679023266,-7.43865975891822e-05,0.0,1.0000743865966797,2.9802322387695312e-08,-11.004277229309082,0.02543169306591153,0.010412832998554222
880,S3_CASE_FEASIBLE,3,-18.600001450099807,-6.200000762939453,-0.0005565288302022964,-1.738965549202831e-05,1.4909113360772608e-05,0.05465937498956919,-6.890297026984626e-05,0.0,1.0000689029693604,-9.934107758624577e-09,-11.004218101501465,0.019957822747528553,0.010030541998276021
881,S3_CASE_WAIT,3,-18.600001287500344,-6.200000762939453,-0.0005932146596023813,-6.931896041351138e-05,2.735821544774808e-05,0.05375748220831156,-6.763140208931873e-05,0.0,1.00006765127182,0.0,-11.004314422607422,0.07004667073488235,0.010245208002743311
882,S3_CASE_CLOSURE,3,-18.600001445800444,-6.200000762939453,-0.0005924857105128467,-7.767106217215769e-05,2.8012226039209054e-05,0.05288207810372114,-5.793571472167969e-05,0.0,1.0000579357147217,0.0,-11.004676818847656,0.06152656581252813,0.009998249995987862
883,S3_CASE_FEASIBLE,3,-18.60000172090004,-6.200000762939453,-0.000550266559002921,-3.8298466885855476e-05,1.83249692327081e-05,0.05211305804550648,-6.000200937705813e-05,0.0,1.0000599920749664,-5.960464477539063e-08,-11.004322052001953,0.03669430874288082,0.010086708003655076
884,S3_CASE_WAIT,3,-18.6000013249999,-6.200000762939453,-0.0005323333898559213,-3.247956404583974e-05,2.4658685106260236e-05,0.051218317821621895,-6.481011769210454e-05,0.0,1.0000648200511932,1.9868215517249155e-08,-11.004351615905762,0.030728074721992016,0.010218082999926992
885,S3_CASE_CLOSURE,3,-18.600001412499843,-6.200000762939453,-0.0005587055202340707,-6.624062825721921e-05,2.1864243535674177e-05,0.050339704379439354,-6.393591593223391e-05,0.0,1.000063955783844,0.0,-11.004371643066406,0.05859655328094959,0.009736874999362044
886,S3_CASE_FEASIBLE,3,-18.600001262500154,-6.200000762939453,-0.0005572504742303863,-7.453948728652904e-05,2.414201549072459e-05,0.0494781993329525,-5.53131112610572e-05,0.0,1.0000553131103516,0.0,-11.004612922668457,0.05895748641341925,0.010724167004809715
887,S3_CASE_WAIT,3,-18.60000187919941,-6.200000762939453,-0.0005633967375615612,-8.178750582921168e-05,1.1593107615226472e-05,0.048740578815340996,-5.602836699836189e-05,0.0,1.0000560283660889,1.1920928955078125e-07,-11.004349708557129,0.0560474693775177,0.010662499997124542
888,S3_CASE_CLOSURE,3,-18.60000148740146,-6.200000762939453,-0.0005124286763020791,-4.806617926078616e-05,2.9671330594283063e-05,0.04791981726884842,-5.7578087762522046e-05,0.0,1.000057578086853,3.973643103449831e-08,-11.00447940826416,0.03940692264586687,0.010613124999508727
889,S3_CASE_FEASIBLE,3,-18.600001245900785,-6.200000762939453,-0.0005093433283036575,-4.7439709911945016e-05,1.8668720485948143e-05,0.04712379910051823,-5.5034955039445776e-05,0.0,1.00005504488945,0.0,-11.00436782836914,0.039310173131525517,0.009970958999474533
890,S3_CASE_WAIT,3,-18.60000122489946,-6.200000762939453,-0.0005243065534159541,-6.857514351077398e-05,1.5732066458440386e-05,0.046359745785593987,-4.967053700966062e-05,0.0,1.000049650669098,-3.973643103449831e-08,-11.004440307617188,0.05391988344490528,0.010243000004265923
891,S3_CASE_CLOSURE,3,-18.600001445800444,-6.200000762939453,-0.0005290411500027403,-7.482742300179979e-05,6.6511518070910824e-06,0.04575393162667751,-3.731250808414188e-05,0.0,1.0000373125076294,3.973643103449831e-08,-11.00442123413086,0.04955352935940027,0.010353917001339141
892,S3_CASE_FEASIBLE,3,-18.600001362500187,-6.200000762939453,-0.0004799652087967843,-3.3092996545747155e-05,1.153503239947895e-05,0.04526397492736578,-3.4809113003575476e-05,0.0,1.0000348091125488,-3.973643103449831e-08,-11.004337310791016,0.03173061506822705,0.010096624995640013
893,S3_CASE_WAIT,3,-18.600001412499843,-6.200000762939453,-0.00047009582340251654,-3.032386287804556e-05,1.495936953688215e-05,0.04472516477108002,-3.8385392144846264e-05,0.0,1.0000383853912354,0.0,-11.004328727722168,0.029692805372178555,0.010316917003365234
894,S3_CASE_CLOSURE,3,-18.600001716700355,-6.200000762939453,-0.0004824399802600965,-4.747509986691156e-05,1.3433955473374226e-05,0.04416818730533123,-3.651777888080687e-05,0.0,1.000036507844925,0.0,-11.004366874694824,0.0435702046379447,0.010901458997977898
895,S3_CASE_FEASIBLE,3,-18.600001412499843,-6.200000762939453,-0.0004927815971313976,-5.968256573396502e-05,8.16671882830633e-06,0.04371824022382498,-2.400080302322749e-05,0.0,1.0000240206718445,0.0,-11.004451751708984,0.0467526838183403,0.010071207994769793
896,S3_CASE_WAIT,3,-18.600001766599597,-6.200000762939453,-0.0005025777209084481,-7.097174693626584e-05,5.9351791605877224e-06,0.04345735814422369,-1.6291936162815546e-05,0.0,1.0000162720680237,-7.947286206899662e-08,-11.004284858703613,0.04631871823221445,0.01057937500445405
897,S3_CASE_CLOSURE,3,-18.600001491700823,-6.200000762939453,-0.0004649903130484745,-3.8998200579953846e-05,1.32060845317028e-05,0.04325951635837555,-1.3868013866158435e-05,0.0,1.0000138580799103,-3.973643103449831e-08,-11.004403114318848,0.03434578608721495,0.010556540997640695
898,S3_CASE_FEASIBLE,3,-18.60000129999971,-6.200000762939453,-0.00045527852489612997,-3.0774313321102476e-05,1.1485412187539623e-05,0.043024692684412,-1.7285346757489606e-05,0.0,1.0000172853469849,0.0,-11.004334449768066,0.030311663169413805,0.010056292005174328
899,S3_CASE_WAIT,3,-18.600001445899398,-6.200000762939453,-0.00047713922685943544,-5.358457535020733e-05,8.40232473819924e-06,0.04277558345347643,-1.3510385997506091e-05,0.0,1.0000135004520416,3.973643103449831e-08,-11.004364013671875,0.04234870616346598,0.010370584001066163
900,S3_CASE_CLOSURE,3,-18.60000136669987,-6.200000762939453,-0.0005022470650146715,-7.766857682600659e-05,5.270460633255425e-06,0.04272137209773064,5.60283679362783e-06,0.0,0.9999944120645523,-3.973643103449831e-08,-11.004348754882812,0.044303519651293755,0.009943707998900209
901,S3_CASE_FEASIBLE,3,-18.600001758299914,-6.200000762939453,-0.0005304484511725605,-0.00010300179080058314,6.034224156792334e-06,0.04304637759923935,3.409385726627079e-05,0.0,0.9999659210443497,3.973643103449831e-08,-11.0042724609375,0.042315077036619186,0.011023125000065193
902,S3_CASE_WAIT,3,-18.60000177500042,-6.200000762939453,-0.0005557635304285213,-0.00012862185455286834,2.2676267462884425e-05,0.04384798277169466,6.802876669098623e-05,0.0,0.9999319761991501,2.9802322387695312e-08,-11.004218101501465,0.043823692947626114,0.010895208004512824
903,S3_CASE_CLOSURE,3,-18.600001304299077,-6.200000762939453,-0.0005711257981602103,-0.00016712397033824544,9.502252214588225e-05,0.045151310972869396,0.0001027981452352833,0.0,0.9998972117900848,4.967053612858763e-08,-11.00417423248291,0.05667971819639206,0.0102199999964796
904,S3_CASE_FEASIBLE,3,-18.600001812499976,-6.200000762939453,-0.000557068116904702,-0.00020390252150992438,0.00023155186499934644,0.04689415264874697,0.0001331170369667234,0.0,0.9998669475317001,-3.973643103449831e-08,-11.004260063171387,0.07563938573002815,0.010522832999413367
905,S3_CASE_WAIT,3,-18.60000177080001,-6.200000762939453,-0.026215645382762887,-0.025847712842129056,0.0002054467568086693,0.04706562589854002,0.019279082732587938,0.0,0.9817598909139633,0.0,-11.00426197052002,6.040834546089172,0.010384583001723513
906,S3_CASE_CLOSURE,3,-18.600001350000092,-6.200000762939453,-8.99721635505557e-05,-0.00029560923697591335,0.0012488834181567654,0.04188046418130398,-0.0003219048121536616,0.0,1.0003220438957214,-4.22199555316638e-08,-11.004191398620605,0.1244458444416523,0.010340375003579538
907,S3_CASE_FEASIBLE,3,-18.60000120820041,-6.200000762939453,-0.0003877638700942043,-0.00012193123560200192,0.00023749030970066087,0.038457779213786125,-0.00016049544319685083,0.0,1.0001605153083801,9.934107758624577e-09,-11.004612922668457,0.05589335411787033,0.011040874996979255
908,S3_CASE_WAIT,3,-18.600001662599972,-6.200000762939453,0.00037706307193730026,5.412971010354539e-05,0.001380820118356496,0.036747668869793415,-6.635983754677e-05,0.0,1.0000663697719574,-5.4637592228345966e-08,-11.003955841064453,0.1341906413435936,0.010878832996240817
909,S3_CASE_CLOSURE,3,-18.600001729100043,-6.200000762939453,-0.00015701950178481638,-1.9616757602314294e-05,0.0004521425908023957,0.03634740598499775,1.4702479944617153e-06,0.0,0.999998539686203,-3.3527612686157227e-08,-11.00413990020752,0.07005989924073219,0.010750749999715481
910,S3_CASE_FEASIBLE,3,-18.600001666799653,-6.200000762939453,-0.00015705905025242828,1.605848471353255e-05,0.0003818706154561369,0.03640528488904238,-2.7020772392916115e-06,0.0,1.000002697110176,-1.9868215517249155e-08,-11.00388240814209,0.0733206607401371,0.010340499997255392
911,S3_CASE_WAIT,3,-18.6000014833,-6.200000762939453,-0.00018919565263786353,-2.859346568584442e-05,0.00040065317080006935,0.03609287831932306,-2.8491019747889368e-05,0.0,1.000028520822525,1.4901161193847656e-08,-11.004210472106934,0.07196993194520473,0.010329833996365778
912,S3_CASE_CLOSURE,3,-18.60000132920031,-6.200000762939453,-0.0003327735612401739,-1.1160969886070404e-05,6.946653866179986e-05,0.035634586587548256,-2.6901563160208752e-05,0.0,1.000026911497116,3.973643103449831e-08,-11.004319190979004,0.03256233502179384,0.010053250000055414
913,S3_CASE_FEASIBLE,3,-18.600001312499806,-6.200000762939453,-0.00023258122746483423,2.7486433635814933e-06,0.0002362453451496549,0.03534525539726019,-5.8412550743014435e-06,0.0,1.000005841255188,-3.973643103449831e-08,-11.004165649414062,0.05744483135640621,0.010150417001568712
914,S3_CASE_WAIT,3,-18.600001262599832,-6.200000762939453,-0.00034671035973588005,-1.2551744475786109e-05,4.12680287809053e-05,0.03547926340252161,1.5377998124677106e-05,0.0,0.999984622001648,0.0,-11.00403881072998,0.02887604245916009,0.010176707997743506
915,S3_CASE_CLOSURE,3,-18.6000020710002,-6.200000762939453,-0.0002946753957075998,3.894170082396897e-06,0.00011583782543311827,0.03564884886145592,2.4239222966571106e-06,0.0,0.9999975860118866,3.973643103449831e-08,-11.003959655761719,0.04702495038509369,0.010724457999458537
916,S3_CASE_FEASIBLE,3,-18.60000167919934,-6.200000762939453,-0.0003506827852106653,-1.35377045658025e-05,3.6608225855161436e-05,0.03554491978138685,-1.1483828416203323e-05,0.0,1.0000115036964417,9.934107758624577e-09,-11.004216194152832,0.025216711685061455,0.01059520899434574
917,S3_CASE_WAIT,3,-18.600001533400064,-6.200000762939453,-0.0003227830820833333,6.601214295187674e-06,4.934389926347649e-05,0.035405625589191914,-2.7020773245567398e-06,0.0,1.0000027120113373,0.0,-11.004280090332031,0.04088108707219362,0.010557374997006264
918,S3_CASE_CLOSURE,3,-18.600001516799967,-6.200000762939453,-0.00035530473542166874,-1.3281901753536829e-05,2.6426467684359523e-05,0.035523608326911926,1.434485102436156e-05,0.0,0.9999856501817703,3.973643103449831e-08,-11.004219055175781,0.027529601007699966,0.010325290997570846
919,S3_CASE_FEASIBLE,3,-18.600001424900256,-6.200000762939453,-0.00033477904071332887,7.112821094779065e-06,3.0625800718553364e-05,0.035720476880669594,7.470448963431409e-06,0.0,0.9999925196170807,0.0,-11.003874778747559,0.040996773168444633,0.011193500002264045
920,S3_CASE_WAIT,3,-18.600001620699913,-6.200000762939453,-0.00036270621785661206,-1.2156242822136676e-05,1.3324706515049911e-05,0.035721234045922756,-5.722046012124338e-06,0.0,1.0000057220458984,-2.4835268064293814e-08,-11.00403881072998,0.02334490790963173,0.010517374998016749
921,S3_CASE_CLOSURE,3,-18.600001241699648,-6.200000762939453,-0.0003385184973012656,6.508082075917798e-06,2.3005547518550884e-05,0.03565293736755848,-4.3710073782676773e-07,0.0,1.0000004470348358,-3.973643103449831e-08,-11.004310607910156,0.03882795572280884,0.010119999999005813
922,S3_CASE_FEASIBLE,3,-18.60000149579937,-6.200000762939453,-0.0003675440311781131,-1.5269965085273896e-05,1.0843030622709193e-05,0.035769558511674404,1.3709068298339844e-05,0.0,0.9999862909317017,2.2351741790771484e-08,-11.004328727722168,0.027662971056997776,0.010438500001328066
923,S3_CASE_WAIT,3,-18.60000152080029,-6.200000762939453,-0.0003383988660061732,7.202228061942151e-06,2.7942535325564677e-05,0.035957236774265766,6.755193112439883e-06,0.0,0.9999932497739792,0.0,-11.003922462463379,0.04024343751370907,0.010213249996013474
924,S3_CASE_CLOSURE,3,-18.600001358400185,-6.200000762939453,-0.00037000791780883446,-1.5272448838921093e-05,9.237017366103828e-06,0.03593539819121361,-7.271766776284494e-06,0.0,1.0000072717666626,-2.9802322387695312e-08,-11.003973960876465,0.02719805669039488,0.010394124998128973
925,S3_CASE_FEASIBLE,3,-18.600001308400532,-6.200000762939453,-0.00033778925717342645,6.558994262384488e-06,2.8726151413138723e-05,0.03587113227695227,1.5099843722055084e-06,0.0,0.9999984800815582,1.9868215517249155e-08,-11.004287719726562,0.038571118377149105,0.010405417000583839
926,S3_CASE_WAIT,3,-18.600001241700376,-6.200000762939453,-0.00036980599543312564,-1.5729417327747797e-05,1.2607619964910555e-05,0.036038038320839405,1.680851005403383e-05,0.0,0.9999831914901733,-1.7384687467369986e-08,-11.004292488098145,0.0268234945833683,0.010810457999468781
927,S3_CASE_CLOSURE,3,-18.60000205420001,-6.200000762939453,-0.022382507282600272,-0.022155838475253375,0.00028411428593244636,0.03687267005443573,-0.01549176363429794,0.0,1.0161558985710144,-1.9868215517249155e-08,-11.00390625,6.4877400398254395,0.010806457998114638
928,S3_CASE_FEASIBLE,3,-18.600001533199247,-6.200000762939453,0.0003465249028522521,0.0001299312940927777,0.0012304199917707592,0.03986163903027773,0.00019419193267822266,0.0,0.9998058527708054,-3.973643103449831e-08,-11.004074096679688,0.14939577504992485,0.010539916998823173
929,S3_CASE_WAIT,3,-18.60000154170048,-6.200000762939453,-0.00016726529429433867,6.463130375777837e-05,0.0003738975901796948,0.041884539648890495,7.95125979493605e-05,0.0,0.9999204874038696,-1.9868215517249155e-08,-11.003181457519531,0.08253378048539162,0.01017087500076741
930,S3_CASE_CLOSURE,3,-18.600001233301008,-6.200000762939453,-0.00030246398819144815,3.7749605974468636e-07,0.000252530888246838,0.04291069321334362,6.37372322671581e-05,0.0,0.9999362677335739,0.0,-11.004863739013672,0.06928063835948706,0.01026929199724691
931,S3_CASE_FEASIBLE,3,-18.60000129580003,-6.200000762939453,-0.00031634354672860354,-6.704529035506113e-05,0.0003824570667347871,0.044052680023014545,8.022785095818108e-05,0.0,0.9999197721481323,-3.973643103449831e-08,-11.004342079162598,0.08490580692887306,0.010191958994255401
932,S3_CASE_WAIT,3,-18.600001245799646,-6.200000762939453,-0.0004417947493493557,-8.074070228758501e-05,0.00018395104416413233,0.045302958227694035,8.587042520957766e-05,0.0,0.9999141246080399,1.9868215517249155e-08,-11.00399398803711,0.05694079399108887,0.010068541996588465
933,S3_CASE_CLOSURE,3,-18.60000120420009,-6.200000762939453,-0.0005968518453300931,-0.00013590355896120343,1.3503101513379079e-05,0.04676998406648636,0.00011114279368484858,0.0,0.9998888671398163,7.947286206899662e-08,-11.004039764404297,0.049390763975679874,0.01005629199789837
934,S3_CASE_FEASIBLE,3,-18.60000143329962,-6.200000762939453,-0.00045411827886709943,2.2869556990712248e-05,1.7442121929889254e-05,0.048570889979600906,0.00012214978596603032,0.0,0.9998778849840164,0.0,-11.004412651062012,0.027503949124366045,0.010193624999374151
935,S3_CASE_WAIT,3,-18.600001616599183,-6.200000762939453,-0.0005060425610281527,-8.044608989621338e-06,2.2187077775015496e-06,0.04991073161363602,7.732709127594717e-05,0.0,0.9999226778745651,-7.947286206899662e-08,-11.00423526763916,0.027070958632975817,0.011357041999872308
936,S3_CASE_CLOSURE,3,-18.600001695800167,-6.200000762939453,-0.0006529716483782977,-0.00015984723662132438,3.276654547335056e-05,0.05095077119767666,9.755293376656482e-05,0.0,0.9999024718999863,-3.973643103449831e-08,-11.004302024841309,0.06829134374856949,0.010218416995485313
937,S3_CASE_FEASIBLE,3,-18.6000015916994,-6.200000762939453,-0.0007073972446960397,-0.00027913849044125527,0.0002033565779129276,0.05299370549619198,0.00019029776012757793,0.0,0.9998097717761993,0.0,-11.00429916381836,0.08775200694799423,0.010716540993598755
938,S3_CASE_WAIT,3,-18.600001304200852,-6.200000762939453,-0.0006993558927206323,-0.00035702685151228764,0.00043450908560771495,0.05595835857093334,0.0002510547637939453,0.0,0.999749094247818,-5.960464477539063e-08,-11.004218101501465,0.10987306572496891,0.010134999996807892
939,S3_CASE_CLOSURE,3,-18.6000015916994,-6.200000762939453,-0.0008633909747004509,-0.000450829657590468,0.00036704282683786005,0.059608276933431625,0.00032349427419831045,0.0,0.9996767491102219,3.973643103449831e-08,-11.004277229309082,0.11733280494809151,0.010344041998905595
940,S3_CASE_FEASIBLE,3,-18.600001312499806,-6.200000762939453,-0.0011627182248048484,-0.0007003694942495642,0.00036924089363310486,0.0646969173103571,0.0005065997611382045,0.0,0.9994939863681793,3.973643103449831e-08,-11.00429916381836,0.13239389844238758,0.010074249999888707
941,S3_CASE_WAIT,3,-18.60000127490057,-6.200000762939453,-0.0013760635629296303,-0.001052911058650352,0.000798357927124016,0.07223315164446831,0.0007677475441596471,0.0,0.999233603477478,0.0,-11.004254341125488,0.1740453764796257,0.01029358300002059
942,S3_CASE_CLOSURE,3,-18.60000136669987,-6.200000762939453,-0.0017948866297956556,-0.0015034874086268246,0.001062368566635996,0.08225835300981998,0.0010964870598400012,0.0,0.9989063143730164,0.0,-11.004271507263184,0.21730372682213783,0.009971790997951757
943,S3_CASE_FEASIBLE,3,-18.600001262599836,-6.200000762939453,-0.0028269629110582173,-0.002758339037730373,0.0018120220629498363,0.09746349416673183,0.0020077228255104274,0.0,0.998001754283905,-3.973643103449831e-08,-11.00433349609375,0.29339828342199326,0.010143000006792136
944,S3_CASE_WAIT,3,-18.600001599900132,-6.200000762939453,-0.004534322157269344,-0.005187849223148078,0.003750294097699225,0.1221620012074709,0.003779212711378932,0.0,0.9962546825408936,-1.9868215517249155e-08,-11.00430679321289,0.4328729584813118,0.010854792002646718
945,S3_CASE_CLOSURE,3,-18.600001729099315,-6.200000762939453,-0.009203257417539135,-0.012181272070544757,0.009249018272385001,0.16464944928884506,0.00892674911301583,0.0,0.9912634044885635,3.973643103449831e-08,-11.004332542419434,0.7107310742139816,0.010475374998350162
946,S3_CASE_FEASIBLE,3,-18.60000129580076,-6.200000762939453,-0.01554938789922744,-0.026180271680156686,0.02583695575594902,0.22875941544771194,0.019574343925341964,0.0,0.9813228845596313,1.9868215517249155e-08,-11.004403114318848,1.2511227130889893,0.01028299999597948
947,S3_CASE_WAIT,3,-18.600001316700215,-6.200000762939453,-0.019040924962610006,-0.04842845629900694,0.06461686361581087,0.29209011048078537,0.03958668295914869,0.0833333358168602,0.9639290571212769,1.9868215517249155e-08,-11.004481315612793,1.8668791353702545,0.0100038750024396
948,S3_CASE_CLOSURE,3,-18.60000157090035,-6.200000762939453,-0.030266672605648637,-0.03555582494785359,0.016698712250217795,0.3060203269124031,0.027446269989013672,0.0,0.9746511876583099,-3.973643103449831e-08,-11.004530906677246,2.6983325481414795,0.010587291995761916
949,S3_CASE_FEASIBLE,3,-18.600001783200426,-6.200000762939453,-0.015239194501191378,-0.06987578235566616,0.11492650024592876,0.2826662063598633,0.10116048653920373,0.1666666716337204,0.9183387756347656,0.0,-11.004325866699219,2.7719773054122925,0.01055995899514528
950,S3_CASE_WAIT,3,-18.60000143330035,-6.200000762939453,-0.02059144014492631,-0.028764913809331105,0.02145630889572203,0.2554680295288563,0.02219084883108735,0.0,0.9794213324785233,7.947286206899662e-08,-11.004105567932129,4.426811933517456,0.01033695799560519
951,S3_CASE_CLOSURE,3,-18.60000150410051,-6.200000762939453,0.003930897160898894,0.0018136401777155697,0.00869797081395518,0.2231728546321392,-0.001152078330051154,0.0,1.0011632591485977,0.0,-11.004096984863281,1.184431791305542,0.0109353750012815
952,S3_CASE_FEASIBLE,3,-18.60000163749937,-6.200000762939453,0.006747745675966144,-0.009076684946194291,0.036135041154921055,0.22430895268917084,-0.006207783973270153,0.0,1.0063384026288986,0.0,-11.003888130187988,1.4935653805732727,0.010439459001645446
953,S3_CASE_WAIT,3,-18.600001300099393,-6.200000762939453,0.0029197408293839544,-0.011589536986623905,0.032486337036971236,0.17338907346129417,-0.0107674200553447,0.0,1.011023849248886,-2.9802322387695312e-08,-11.003457069396973,0.8761866837739944,0.01045449999946868
954,S3_CASE_CLOSURE,3,-18.60000124159997,-6.200000762939453,0.0022097299224697053,-0.005096529852987253,0.017880065424833447,0.1633772887289524,0.0037307341408450156,0.0,0.9963062852621078,3.973643103449831e-08,-11.005553245544434,0.8026375621557236,0.010148458000912797
955,S3_CASE_FEASIBLE,3,-18.60000143329962,-6.200000762939453,0.020892056869342923,-0.0008340577005583327,0.04703861987218261,0.17931953072547913,-0.0005335410733096069,0.0,1.000538095831871,0.0,-11.002787590026855,1.1743389964103699,0.010364541994931642
956,S3_CASE_WAIT,3,-18.600001395800792,-6.200000762939453,-0.0041624660370871425,-0.009549518581479788,0.013804811207592138,0.1515353061258793,-0.006405870236147138,0.0,1.0065044164657593,0.0,-11.002716064453125,0.6672234982252121,0.010456415999215096
957,S3_CASE_CLOSURE,3,-18.600001241699644,-6.200000762939453,0.015227284049615264,0.0005803356477072086,0.03193732921499759,0.132171630859375,-0.0002363125458941795,0.0,1.0002367794513702,-3.973643103449831e-08,-11.006195068359375,0.8231309950351715,0.010162208003748674
958,S3_CASE_FEASIBLE,3,-18.600001424999938,-6.200000762939453,0.004390137793961912,0.0010535443919557075,0.009486234092037193,0.1406523659825325,0.0011446078424341977,0.0,0.9988579601049423,0.0,-11.002963066101074,0.4622543081641197,0.010281334005412646
959,S3_CASE_WAIT,3,-18.600001187499583,-6.200000762939453,-0.0031552992295473814,-0.004101291357073933,0.004513631160079967,0.13108235597610474,-0.002628366113640368,0.0,1.0026471018791199,0.0,-11.004101753234863,0.42807935178279877,0.01005891599925235
960,S3_CASE_CLOSURE,3,-18.600001329099904,-6.200000762939453,0.004381138947792351,0.0011174132329569986,0.008876684179995209,0.11746162362396717,-0.0005680719914380461,0.0,1.0005691945552826,-3.973643103449831e-08,-11.004748344421387,0.4663566127419472,0.010097999998833984
961,S3_CASE_FEASIBLE,3,-18.600001341700406,-6.200000762939453,-0.0001961829693755135,-0.0007604907077620737,0.0035516382995410822,0.1211511418223381,0.0008755127637414262,0.0,0.9991265386343002,0.0,-11.003718376159668,0.2821912206709385,0.010153625000384636
962,S3_CASE_WAIT,3,-18.60000132499845,-6.200000762939453,0.0004051250434713438,-0.000631923462303341,0.004548410972347483,0.12371570058166981,-0.00040090084803523496,0.0,1.0004015266895294,3.973643103449831e-08,-11.003410339355469,0.3926094099879265,0.010169749999477062
963,S3_CASE_CLOSURE,3,-18.60000121670091,-6.200000762939453,0.0010156350472243503,0.0005598838130635997,0.0032833654549904168,0.11859315447509289,-0.0003337065354571678,0.0,1.0003341138362885,-3.973643103449831e-08,-11.005325317382812,0.3222857788205147,0.01016429100127425
964,S3_CASE_FEASIBLE,3,-18.600001208300093,-6.200000762939453,-0.0022927195532247424,-0.0016439941828139126,0.0011653584588202648,0.12314046360552311,0.0011020898964488879,0.0,0.9989015460014343,9.934107758624577e-09,-11.0035982131958,0.3033776953816414,0.009885458995995577
965,S3_CASE_WAIT,3,-18.600001262500882,-6.200000762939453,0.0009097276488319039,0.0011315395434694508,0.0022048116370569915,0.13242178037762642,0.0007036924362182617,0.0,0.9992975145578384,5.960464477539063e-08,-11.003730773925781,0.38641947507858276,0.009903208003379405
966,S3_CASE_CLOSURE,3,-18.600001395800792,-6.200000762939453,-0.002027779206400737,-0.0010802199540194124,0.0006866493022243958,0.129088394343853,-0.0009947617800207809,0.0,1.0009978711605072,-5.960464477539063e-08,-11.004776954650879,0.22034481540322304,0.010650415999407414
967,S3_CASE_FEASIBLE,3,-18.60000195840039,-6.200000762939453,8.831372542772442e-05,0.0003791488731321735,0.0018930850637843832,0.1237377692013979,-0.00020627180856536143,0.0,1.0002064108848572,-4.967053612858763e-08,-11.004332542419434,0.32751788198947906,0.010733333001553547
968,S3_CASE_WAIT,3,-18.600001820799662,-6.200000762939453,-0.0007519167120335624,0.0002070019703146464,0.0006005977975291898,0.12592175975441933,0.00033239522599615157,0.0,0.9996679276227951,-3.973643103449831e-08,-11.003257751464844,0.13734282925724983,0.010770542001409922
969,S3_CASE_CLOSURE,3,-18.60000199999995,-6.200000762939453,-0.0018375879881205037,-0.0009321607625070172,0.0006753201969331712,0.12430873699486256,-0.0006160338743939064,0.0,1.0006173849105835,-2.4835268064293814e-08,-11.004497528076172,0.2716055177152157,0.010594416999083478
970,S3_CASE_FEASIBLE,3,-18.60000177920083,-6.200000762939453,-0.00024033503723330796,0.0006174172012833878,0.0006668820060440339,0.11911932565271854,-0.0003591775966924615,0.0,1.0003595650196075,-9.934107758624577e-09,-11.00457763671875,0.2748207673430443,0.011232374999963213
971,S3_CASE_WAIT,3,-18.600001508199057,-6.200000762939453,-0.0018657143518794328,-0.0007684330024257946,0.00022232565879676258,0.12084442563354969,0.0005579789576586336,0.0,0.9994431883096695,-1.0927518445669193e-07,-11.003211975097656,0.21226829290390015,0.010107041998708155
972,S3_CASE_CLOSURE,3,-18.60000229160069,-6.200000762939453,-0.00043439104047138244,0.000452357033888795,0.0007396061191684566,0.12565511651337147,0.0003352165222167969,0.0,0.9996650665998459,-3.476937493473997e-08,-11.004420280456543,0.2712692394852638,0.010481917001015972
973,S3_CASE_FEASIBLE,3,-18.600001674999657,-6.200000762939453,-0.0019364309846423566,-0.0009285497217206284,0.00044917905870534014,0.12324708141386509,-0.0006942748950677924,0.0,1.000695824623108,2.384185791015625e-07,-11.004656791687012,0.21945268660783768,0.01035845799924573
974,S3_CASE_WAIT,3,-18.600001549999433,-6.200000762939453,-0.00036107419873587787,0.00035808111958157696,0.0009241452535206918,0.11812279559671879,-0.00030303001403808594,0.0,1.0003032386302948,-3.476937493473997e-08,-11.003242492675781,0.2514098808169365,0.01017245899856789
975,S3_CASE_CLOSURE,3,-18.600001358299778,-6.200000762939453,-0.0008860886300681159,4.231743484250927e-05,0.0005134563743922627,0.1185134295374155,0.00019005934154847637,0.0,0.999810054898262,-3.973643103449831e-08,-11.00418758392334,0.11251449026167393,0.009917625000525732
976,S3_CASE_FEASIBLE,3,-18.600001625000004,-6.200000762939453,-0.0016117950581246987,-0.0006418277722932686,0.0004247727083566133,0.11823536455631256,-0.00032639503842801787,0.0,1.0003269016742706,-6.705522537231445e-08,-11.00500202178955,0.2475305199623108,0.010311666999768931
977,S3_CASE_WAIT,3,-18.600001808299567,-6.200000762939453,-0.000461323608760722,0.0003636181378774417,0.0006445262915804051,0.11472048982977867,-0.00030370552849490196,0.0,1.0003039836883545,1.9868215517249155e-08,-11.00375747680664,0.19246626272797585,0.010664292000001296
978,S3_CASE_CLOSURE,3,-18.60000183749944,-6.200000762939453,-0.0016643868730170652,-0.0006602654830203392,0.0002960331767098978,0.11521380580961704,0.0003493229560262989,0.0,0.999651163816452,-1.9868215517249155e-08,-11.00360107421875,0.23751464113593102,0.010837041998456698
979,S3_CASE_FEASIBLE,3,-18.60000170409912,-6.200000762939453,-0.0004289577336749062,0.0003571634564041304,0.0008117005854728632,0.11919715069234371,0.00029798348987242207,0.0,0.9997021853923798,3.476937493473997e-08,-11.004788398742676,0.24314837530255318,0.010795916998176835
980,S3_CASE_WAIT,3,-18.60000162080032,-6.200000762939453,-0.0013357378193177283,-0.0003620286770456005,0.0004173193374299444,0.11823688447475433,-0.00037105878072907217,0.0,1.0003715753555298,0.0,-11.004225730895996,0.14565153419971466,0.010379915998782963
981,S3_CASE_CLOSURE,3,-18.600001737500133,-6.200000762939453,-0.0008173981914296746,-8.698552240282709e-06,0.0007000279874773696,0.11587136797606945,-3.4650167435756885e-05,0.0,1.000034660100937,-4.967053612858763e-08,-11.003350257873535,0.24784843623638153,0.010552624997217208
982,S3_CASE_FEASIBLE,3,-18.60000192090083,-6.200000762939453,-0.0008480469114147127,8.993347303931643e-05,0.00048356037223129533,0.11797606013715267,0.00032738844311097637,0.0,0.9996729046106339,3.973643103449831e-08,-11.004433631896973,0.11685372143983841,0.01059062500280561
983,S3_CASE_WAIT,3,-18.600001591600446,-6.200000762939453,-0.0015667032566852868,-0.000564123203123934,0.00036674242073786445,0.11859513074159622,-0.00025272369384765625,0.0,1.0002530813217163,-1.9868215517249155e-08,-11.00473690032959,0.25602245703339577,0.010407707995909732
984,S3_CASE_CLOSURE,3,-18.60000130000044,-6.200000762939453,-0.0005025430582463741,0.000334598133728381,0.0006347675298457034,0.11545250006020069,-0.00026134649669984356,0.0,1.0002615451812744,2.9802322387695312e-08,-11.003655433654785,0.20259878784418106,0.010212792003585491
985,S3_CASE_FEASIBLE,3,-18.60000160819982,-6.200000762939453,-0.0015746460703667253,-0.0005641412159702597,0.0003038604263565503,0.11624351143836975,0.00036025046938448213,0.0,0.9996402263641357,3.973643103449831e-08,-11.003844261169434,0.20721402019262314,0.010396999998192769
986,S3_CASE_WAIT,3,-18.60000130000044,-6.200000762939453,-0.0005784223903901875,0.0002745113621740458,0.0006938834994798526,0.11998755112290382,0.0002397298812866211,0.0,0.9997603595256805,-4.3461721332960224e-08,-11.004820823669434,0.25100766867399216,0.010374166995461565
987,S3_CASE_CLOSURE,3,-18.600001516699557,-6.200000762939453,-0.0012023827875964344,-0.00020406643670867197,0.00038071089511504397,0.1188671812415123,-0.0003355741464474704,0.0,1.0003359913825989,7.947286206899662e-08,-11.00403118133545,0.11198187433183193,0.01042299999971874
988,S3_CASE_FEASIBLE,3,-18.600001300099393,-6.200000762939453,-0.0010461777565069497,-0.00014012058030221652,0.0005309114239935298,0.1171512883156538,4.529953139353893e-05,0.0,0.9999547451734543,-4.967053612858763e-08,-11.003475189208984,0.251856978982687,0.010055999999167398
989,S3_CASE_WAIT,3,-18.600001275099928,-6.200000762939453,-0.0008054328354774043,0.0001717011121704637,0.00044066680493415333,0.1197467390447855,0.0003383954317541793,0.0,0.9996619075536728,-1.9868215517249155e-08,-11.004511833190918,0.1376191396266222,0.010269374994095415
990,S3_CASE_CLOSURE,3,-18.60000125840088,-6.200000762939453,-0.0016517001495230943,-0.0006003528663613977,0.00029929181619081646,0.12009931914508343,-0.0002882877906813519,0.0,1.0002886950969696,-3.973643103449831e-08,-11.004592895507812,0.24668699875473976,0.009831333001784515
991,S3_CASE_FEASIBLE,3,-18.60000147509927,-6.200000762939453,-0.0005388499412219971,0.0003379310122308965,0.0005838907964061946,0.116872638463974,-0.00024871031200746074,0.0,1.000248908996582,-6.953874986947994e-08,-11.003604888916016,0.21396004781126976,0.010076083999592811
992,S3_CASE_WAIT,3,-18.60000131249908,-6.200000762939453,-0.001427403709385544,-0.00039837757625083015,0.0002953572511614766,0.11767048388719559,0.00033362706381012686,0.0,0.9996667802333832,-3.973643103449831e-08,-11.00396728515625,0.16869815811514854,0.010324916001991369
993,S3_CASE_CLOSURE,3,-18.600001279099523,-6.200000762939453,-0.0008098768885247409,0.00011841021326564061,0.0005586215920629911,0.12075979262590408,0.00014317035675048828,0.0,0.9998568743467331,2.4835268064293814e-08,-11.004860877990723,0.25439728796482086,0.0101309579986264
994,S3_CASE_FEASIBLE,3,-18.600001233299555,-6.200000762939453,-0.0010689065093174577,-5.170951150534897e-05,0.00035275240225018933,0.11935732327401638,-0.0003019571267941501,0.0,1.0003022849559784,0.0,-11.003914833068848,0.09504651464521885,0.010548250000283588
995,S3_CASE_WAIT,3,-18.60000213329986,-6.200000762939453,-0.0012551910476759076,-0.0002675304834456327,0.0003900866795447655,0.11827039159834385,0.00012000401693512686,0.0,0.9998800754547119,-3.973643103449831e-08,-11.00351333618164,0.24870680272579193,0.010941125001409091
996,S3_CASE_CLOSURE,3,-18.600001604200223,-6.200000762939453,-0.0007721705915173516,0.00023414194462656468,0.0004116574455110822,0.1212141290307045,0.00033362706744810566,0.0,0.9996666610240936,-3.973643103449831e-08,-11.004646301269531,0.16064433753490448,0.010414000003947876
997,S3_CASE_FEASIBLE,3,-18.600001354200504,-6.200000762939453,-0.0318366787978448,-0.030907865070427754,0.0006456449336837977,0.12516370601952076,-0.023206691024824977,0.0,1.0247543156147003,3.973643103449831e-08,-11.004463195800781,5.771289825439453,0.010278374997142237
998,S3_CASE_WAIT,3,-18.600001304098985,-6.200000762939453,0.0009691856685094535,0.0019140044751111418,0.0008696207514731213,0.1379629224538803,0.0014260610041674227,0.0,0.9985785484313965,-3.973643103449831e-08,-11.003917694091797,0.3220364525914192,0.010163625003769994
999,S3_CASE_CLOSURE,3,-18.600000962500054,-6.200000286102295,-0.0037010901141911745,-0.0025907605449901894,0.0005986323440083652,0.1409645639359951,0.008169611159246415,0.0,0.9920267164707184,0.0,-11.003518104553223,1.1355575025081635,0.010027999996964354
1000,S3_CASE_FEASIBLE,3,-18.600001966700074,-6.200000762939453,-0.0015755360072944313,-0.0010013083932181033,0.0015998934977687895,0.13741744309663773,0.00019045671251660679,0.0,0.9998106360435486,-1.9868215517249155e-08,-11.007072448730469,0.42935430258512497,0.01059891699696891
